CURVE,X,Y
11,0,1
53,99,0
53,100,1
43,99,0
43,100,1
160,99,0
160,100,157.4
160,110,178.3
160,120,196.3
160,130,211.8
160,140,223
160,150,232.4
160,160,241.6
160,170,249.7
160,180,257
160,190,263.2
160,200,268.4
160,210,273.1
160,220,277.2
160,230,280.7
160,240,283.7
160,250,286.1
160,260,288.4
160,270,290.2
160,280,291.8
160,290,293.1
160,300,294.1
160,310,294.9
160,320,295.5
160,330,296
160,340,296.4
160,350,296.6
127,99,0
127,100,157.4
127,110,178.3
127,120,196.3
127,130,211.8
127,140,223
127,150,232.4
127,160,241.6
127,170,249.7
127,180,257
127,190,263.2
127,200,268.4
127,210,273.1
127,220,277.2
127,230,280.7
127,240,283.7
127,250,286.1
127,260,288.4
127,270,290.2
127,280,291.8
127,290,293.1
127,300,294.1
127,310,294.9
127,320,295.5
127,330,296
127,340,296.4
127,350,296.6
83,99,0
83,100,157.4
83,110,178.3
83,120,196.3
83,130,211.8
83,140,223
83,150,232.4
83,160,241.6
83,170,249.7
83,180,257
83,190,263.2
83,200,268.4
83,210,273.1
83,220,277.2
83,230,280.7
83,240,283.7
83,250,286.1
83,260,288.4
83,270,290.2
83,280,291.8
83,290,293.1
83,300,294.1
83,310,294.9
83,320,295.5
83,330,296
83,340,296.4
83,350,296.6
177,99,0
177,100,175
177,110,198.5
177,120,219.1
177,130,236.1
177,140,247.3
177,150,256
177,160,264.5
177,170,272.1
177,180,278.4
177,190,283.4
177,200,287.4
177,210,290.6
177,220,293.1
177,230,295
177,240,296.4
177,250,297.3
177,260,297.9
177,270,298.2
177,280,298.1
177,290,297.9
177,300,297.5
177,310,296.9
177,320,296.2
177,330,295.4
177,340,294.5
177,350,293.5
90,99,0
90,100,175
90,110,198.5
90,120,219.1
90,130,236.1
90,140,247.3
90,150,256
90,160,264.5
90,170,272.1
90,180,278.4
90,190,283.4
90,200,287.4
90,210,290.6
90,220,293.1
90,230,295
90,240,296.4
90,250,297.3
90,260,297.9
90,270,298.2
90,280,298.1
90,290,297.9
90,300,297.5
90,310,296.9
90,320,296.2
90,330,295.4
90,340,294.5
90,350,293.5
117,99,0
117,100,165.8
117,110,188
117,120,207.2
117,130,223.7
117,140,235.7
117,150,245.8
117,160,255.6
117,170,264.4
117,180,272.1
117,190,278.8
117,200,284.4
117,210,289.3
117,220,293.7
117,230,297.5
117,240,300.7
117,250,303.4
117,260,305.7
117,270,307.7
117,280,309.4
117,290,310.8
117,300,311.9
117,310,312.8
117,320,313.4
117,330,313.9
117,350,314.5
75,99,0
75,100,165.8
75,110,188
75,120,207.2
75,130,223.7
75,140,235.7
75,150,245.8
75,160,255.6
75,170,264.4
75,180,272.1
75,190,278.8
75,200,284.4
75,210,289.3
75,220,293.7
75,230,297.5
75,240,300.7
75,250,303.4
75,260,305.7
75,270,307.7
75,280,309.4
75,290,310.8
75,300,311.9
75,310,312.8
75,320,313.4
75,330,313.9
75,350,314.5
57,99,0
57,100,165.8
57,110,188
57,120,207.2
57,130,223.7
57,140,235.7
57,150,245.8
57,160,255.6
57,170,264.4
57,180,272.1
57,190,278.8
57,200,284.4
57,210,289.3
57,220,293.7
57,230,297.5
57,240,300.7
57,250,303.4
57,260,305.7
57,270,307.7
57,280,309.4
57,290,310.8
57,300,311.9
57,310,312.8
57,320,313.4
57,330,313.9
57,350,314.5
52,99,0
52,100,157.4
52,110,178.3
52,120,196.3
52,130,211.8
52,140,223
52,150,232.4
52,160,241.6
52,170,249.7
52,180,257
52,190,263.2
52,200,268.4
52,210,273.1
52,220,277.2
52,230,280.7
52,240,283.7
52,250,286.1
52,260,288.4
52,270,290.2
52,280,291.8
52,290,293.1
52,300,294.1
52,310,294.9
52,320,295.5
52,330,296
52,340,296.4
52,350,296.6
150,99,0
150,100,151.8
150,110,173.2
150,120,191.6
150,130,207.2
150,140,217.6
150,150,225.8
150,160,233.6
150,170,240.7
150,180,246.5
150,190,251.2
150,200,255
150,210,258
150,220,260.3
150,230,262.2
150,240,263.5
150,250,264.5
150,260,265.1
150,270,265.4
150,280,265.5
150,290,265.4
150,300,265.1
150,310,264.7
150,320,264.1
150,330,263.4
150,350,261.8
157,99,0
157,100,151.8
157,110,173.2
157,120,191.6
157,130,207.2
157,140,217.6
157,150,225.8
157,160,233.6
157,170,240.7
157,180,246.5
157,190,251.2
157,200,255
157,210,258
157,220,260.3
157,230,262.2
157,240,263.5
157,250,264.5
157,260,265.1
157,270,265.4
157,280,265.5
157,290,265.4
157,300,265.1
157,310,264.7
157,320,264.1
157,330,263.4
157,350,261.8
94,99,0
94,100,151.8
94,110,173.2
94,120,191.6
94,130,207.2
94,140,217.6
94,150,225.8
94,160,233.6
94,170,240.7
94,180,246.5
94,190,251.2
94,200,255
94,210,258
94,220,260.3
94,230,262.2
94,240,263.5
94,250,264.5
94,260,265.1
94,270,265.4
94,280,265.5
94,290,265.4
94,300,265.1
94,310,264.7
94,320,264.1
94,330,263.4
94,350,261.8
42,99,0
42,100,151.8
42,110,173.2
42,120,191.6
42,130,207.2
42,140,217.6
42,150,225.8
42,160,233.6
42,170,240.7
42,180,246.5
42,190,251.2
42,200,255
42,210,258
42,220,260.3
42,230,262.2
42,240,263.5
42,250,264.5
42,260,265.1
42,270,265.4
42,280,265.5
42,290,265.4
42,300,265.1
42,310,264.7
42,320,264.1
42,330,263.4
42,350,261.8
171,109,0
171,110,1
188,109,0
188,110,102.4
188,120,117.5
188,130,130.5
188,140,138.2
188,150,143.9
188,160,150.2
188,170,156.3
188,180,161.4
188,190,165.5
188,200,168.8
188,210,171.5
188,220,173.6
188,230,175.2
188,240,176.3
188,250,177.1
188,260,177.6
188,270,177.8
188,280,177.8
188,290,177.7
188,300,177.4
188,310,177
188,320,176.5
188,330,175.9
188,350,174.5
166,109,0
166,110,102.4
166,120,117.5
166,130,130.5
166,140,138.2
166,150,143.9
166,160,150.2
166,170,156.3
166,180,161.4
166,190,165.5
166,200,168.8
166,210,171.5
166,220,173.6
166,230,175.2
166,240,176.3
166,250,177.1
166,260,177.6
166,270,177.8
166,280,177.8
166,290,177.7
166,300,177.4
166,310,177
166,320,176.5
166,330,175.9
166,350,174.5
170,109,0
170,110,80
170,120,91.8
170,130,101.9
170,140,106.7
170,150,110
170,160,114.5
170,170,119.3
170,180,123.3
170,190,126.5
170,200,129
170,210,131.1
170,220,132.7
170,230,134
170,240,134.9
170,250,135.5
170,260,135.9
170,270,136.1
170,280,136.2
170,290,136.1
170,300,135.9
170,310,135.6
170,320,135.2
170,350,133.7
61,109,0
61,110,80
61,120,91.8
61,130,101.9
61,140,106.7
61,150,110
61,160,114.5
61,170,119.3
61,180,123.3
61,190,126.5
61,200,129
61,210,131.1
61,220,132.7
61,230,134
61,240,134.9
61,250,135.5
61,260,135.9
61,270,136.1
61,280,136.2
61,290,136.1
61,300,135.9
61,310,135.6
61,320,135.2
61,350,133.7
49,109,0
49,110,107.1
49,120,121.1
49,130,133.3
49,140,142.7
49,150,151
49,160,158.7
49,170,165.6
49,180,171.8
49,190,177.1
49,200,181.6
49,210,185.4
49,220,188.9
49,230,191.9
49,240,194.5
49,250,196.7
49,260,198.5
49,270,200.2
49,280,201.7
49,290,202.9
49,300,203.9
49,310,204.7
49,320,205.3
49,330,205.8
49,340,206.1
49,350,206.3
142,109,0
142,110,107.1
142,120,121.1
142,130,133.3
142,140,142.7
142,150,151
142,160,158.7
142,170,165.6
142,180,171.8
142,190,177.1
142,200,181.6
142,210,185.4
142,220,188.9
142,230,191.9
142,240,194.5
142,250,196.7
142,260,198.5
142,270,200.2
142,280,201.7
142,290,202.9
142,300,203.9
142,310,204.7
142,320,205.3
142,330,205.8
142,340,206.1
142,350,206.3
139,109,0
139,110,107.1
139,120,121.1
139,130,133.3
139,140,142.7
139,150,151
139,160,158.7
139,170,165.6
139,180,171.8
139,190,177.1
139,200,181.6
139,210,185.4
139,220,188.9
139,230,191.9
139,240,194.5
139,250,196.7
139,260,198.5
139,270,200.2
139,280,201.7
139,290,202.9
139,300,203.9
139,310,204.7
139,320,205.3
139,330,205.8
139,340,206.1
139,350,206.3
46,109,0
46,110,107.1
46,120,121.1
46,130,133.3
46,140,142.7
46,150,151
46,160,158.7
46,170,165.6
46,180,171.8
46,190,177.1
46,200,181.6
46,210,185.4
46,220,188.9
46,230,191.9
46,240,194.5
46,250,196.7
46,260,198.5
46,270,200.2
46,280,201.7
46,290,202.9
46,300,203.9
46,310,204.7
46,320,205.3
46,330,205.8
46,340,206.1
46,350,206.3
21,109,0
21,110,1
209,109,0
209,110,150
209,120,167.5
209,130,181.8
209,140,186.7
209,150,189.2
209,160,194.4
209,170,200.4
209,180,205.2
209,190,208.9
209,200,211.9
209,210,214.1
209,220,215.8
209,230,217
209,240,217.7
209,250,218.1
209,260,218.2
209,270,218.1
209,280,217.8
209,290,217.3
209,300,216.7
209,310,216
209,320,215.2
209,330,214.3
209,350,212.3
114,109,0
114,110,122.4
114,120,138.8
114,130,153.3
114,140,164.3
114,150,174
114,160,183.3
114,170,191.5
114,180,198.7
114,190,205
114,200,210.5
114,210,215.1
114,220,219.1
114,230,222.7
114,240,225.8
114,250,228.4
114,260,230.6
114,270,232.6
114,280,234.2
114,290,235.7
114,300,236.9
114,310,237.9
114,320,238.7
114,330,239.3
114,340,239.7
114,350,240
20,109,0
20,110,122.4
20,120,138.8
20,130,153.3
20,140,164.3
20,150,174
20,160,183.3
20,170,191.5
20,180,198.7
20,190,205
20,200,210.5
20,210,215.1
20,220,219.1
20,230,222.7
20,240,225.8
20,250,228.4
20,260,230.6
20,270,232.6
20,280,234.2
20,290,235.7
20,300,236.9
20,310,237.9
20,320,238.7
20,330,239.3
20,340,239.7
20,350,240
154,129,0
154,130,84
154,140,92.4
154,150,99.3
154,160,105.7
154,170,111.4
154,180,116.4
154,190,120.8
154,200,124.5
154,210,127.6
154,220,130.2
154,230,132.4
154,240,134.2
154,250,135.6
154,260,136.8
154,270,137.8
154,280,138.5
154,290,139
154,300,139.4
154,310,139.7
154,320,139.8
154,340,139.8
154,350,139.7
145,129,0
145,130,84
145,140,92.4
145,150,99.3
145,160,105.7
145,170,111.4
145,180,116.4
145,190,120.8
145,200,124.5
145,210,127.6
145,220,130.2
145,230,132.4
145,240,134.2
145,250,135.6
145,260,136.8
145,270,137.8
145,280,138.5
145,290,139
145,300,139.4
145,310,139.7
145,320,139.8
145,340,139.8
145,350,139.7
66,129,0
66,130,1
65,129,0
65,130,84
65,140,92.4
65,150,99.3
65,160,105.7
65,170,111.4
65,180,116.4
65,190,120.8
65,200,124.5
65,210,127.6
65,220,130.2
65,230,132.4
65,240,134.2
65,250,135.6
65,260,136.8
65,270,137.8
65,280,138.5
65,290,139
65,300,139.4
65,310,139.7
65,320,139.8
65,340,139.8
65,350,139.7
80,119,0
80,120,1
174,119,0
174,120,70.3
174,130,80.3
174,140,87.2
174,160,98.4
174,170,103.7
174,180,108.2
174,190,112
174,200,115
174,210,117.4
174,220,119.5
174,230,121.2
174,240,122.6
174,250,123.6
174,260,124.3
174,270,124.8
174,280,125.2
174,290,125.3
174,300,125.3
174,310,125.2
174,320,125
174,340,124.4
174,350,124
163,119,0
163,120,70.3
163,130,80.3
163,140,87.2
163,160,98.4
163,170,103.7
163,180,108.2
163,190,112
163,200,115
163,210,117.4
163,220,119.5
163,230,121.2
163,240,122.6
163,250,123.6
163,260,124.3
163,270,124.8
163,280,125.2
163,290,125.3
163,300,125.3
163,310,125.2
163,320,125
163,340,124.4
163,350,124
79,119,0
79,120,70.3
79,130,80.3
79,140,87.2
79,160,98.4
79,170,103.7
79,180,108.2
79,190,112
79,200,115
79,210,117.4
79,220,119.5
79,230,121.2
79,240,122.6
79,250,123.6
79,260,124.3
79,270,124.8
79,280,125.2
79,290,125.3
79,300,125.3
79,310,125.2
79,320,125
79,340,124.4
79,350,124
16,119,0
16,120,1
130,119,0
130,120,128.6
130,130,143.1
130,140,154.6
130,150,164.3
130,160,173.2
130,170,181.2
130,180,187.9
130,190,193.4
130,200,198.1
130,210,201.9
130,220,205
130,230,207.7
130,240,209.9
130,250,211.6
130,260,212.9
130,270,213.9
130,280,214.6
130,290,215.1
130,300,215.3
130,310,215.4
130,320,215.4
130,330,215.2
130,340,214.9
130,350,214.5
86,119,0
86,120,166.9
86,130,185.2
86,140,201
86,150,214.9
86,160,227.2
86,170,238.1
86,180,247.7
86,190,256.1
86,200,263.6
86,210,269.9
86,220,275.5
86,230,280.4
86,240,284.8
86,250,288.8
86,260,292.3
86,270,295.3
86,280,297.8
86,290,299.9
86,300,301.7
86,310,303.1
86,320,304.3
86,330,305.3
86,340,306
86,350,306.6
15,119,0
15,120,128.6
15,130,143.1
15,140,154.6
15,150,164.3
15,160,173.2
15,170,181.2
15,180,187.9
15,190,193.4
15,200,198.1
15,210,201.9
15,220,205
15,230,207.7
15,240,209.9
15,250,211.6
15,260,212.9
15,270,213.9
15,280,214.6
15,290,215.1
15,300,215.3
15,310,215.4
15,320,215.4
15,330,215.2
15,340,214.9
15,350,214.5
206,169,0
206,170,1
205,169,0
205,170,197.5
205,180,212.2
205,190,225.3
205,200,237.1
205,210,247.8
205,220,257.5
205,230,266.4
205,240,274.4
205,250,281.6
205,260,288.2
205,270,294.1
205,280,299.5
205,290,304.2
205,300,308.3
205,310,312
205,320,315.4
205,330,318.3
205,340,320.9
205,350,323.3
193,159,0
193,160,1
192,159,0
192,160,51.2
192,170,55.3
192,180,59.1
192,190,62.3
192,200,65.1
192,210,67.4
192,220,69.3
192,230,70.9
192,240,72.3
192,250,73.4
192,260,74.2
192,270,74.9
192,280,75.5
192,300,76.1
192,310,76.3
192,320,76.4
192,330,76.4
192,350,76.2
99,219,0
99,220,1
98,219,0
98,220,204.3
98,230,215.4
98,240,225.4
98,250,234.6
98,260,243.1
98,270,251
98,280,258.2
98,290,264.9
98,300,271
98,310,276.6
98,320,281.7
98,330,286.4
98,340,290.7
98,350,294.6
133,149,0
133,150,76.3
133,160,83.1
133,170,89.2
133,180,94.4
133,190,99
133,200,103.2
133,210,106.8
133,220,110
133,230,112.7
133,240,114.9
133,250,116.8
133,260,118.4
133,270,119.8
133,280,120.9
133,290,121.8
133,300,122.6
133,320,123.6
133,330,123.9
133,350,124.3
34,149,0
34,150,76.3
34,160,83.1
34,170,89.2
34,180,94.4
34,190,99
34,200,103.2
34,210,106.8
34,220,110
34,230,112.7
34,240,114.9
34,250,116.8
34,260,118.4
34,270,119.8
34,280,120.9
34,290,121.8
34,300,122.6
34,320,123.6
34,330,123.9
34,350,124.3
30,149,0
30,150,1
136,149,0
136,150,85.5
136,160,92.2
136,170,98.2
136,180,103.4
136,190,107.7
136,200,111.5
136,210,114.7
136,220,117.3
136,230,119.6
136,240,121.5
136,250,123.1
136,260,124.4
136,270,125.5
136,280,126.4
136,290,127.1
136,310,128.1
136,320,128.4
136,340,128.6
29,149,0
29,150,85.5
29,160,92.2
29,170,98.2
29,180,103.4
29,190,107.7
29,200,111.5
29,210,114.7
29,220,117.3
29,230,119.6
29,240,121.5
29,250,123.1
29,260,124.4
29,270,125.5
29,280,126.4
29,290,127.1
29,310,128.1
29,320,128.4
29,340,128.6
124,139,0
124,140,1
6,139,0
6,140,1
123,139,0
123,140,95.6
123,150,103.7
123,160,111.2
123,170,118.1
123,180,124.1
123,190,129.6
123,200,134.3
123,210,138.4
123,220,141.9
123,230,145
123,240,147.9
123,250,150.4
123,260,152.5
123,270,154.4
123,280,156
123,290,157.3
123,300,158.5
123,310,159.5
123,320,160.4
123,330,161.1
123,340,161.8
123,350,162.3
9,139,0
9,140,95.6
9,150,103.7
9,160,111.2
9,170,118.1
9,180,124.1
9,190,129.6
9,200,134.3
9,210,138.4
9,220,141.9
9,230,145
9,240,147.9
9,250,150.4
9,260,152.5
9,270,154.4
9,280,156
9,290,157.3
9,300,158.5
9,310,159.5
9,320,160.4
9,340,161.8
9,350,162.3
120,139,0
120,140,86.6
120,150,93.7
120,160,100.4
120,170,106.5
120,180,112
120,190,116.7
120,200,120.9
120,210,124.5
120,220,127.6
120,230,130.4
120,240,132.9
120,250,135.1
120,260,137
120,270,138.6
120,280,140
120,290,141.2
120,300,142.2
120,310,143.1
120,320,143.9
120,340,145.1
120,350,145.5
5,139,0
5,140,86.6
5,150,93.7
5,160,100.4
5,170,106.5
5,180,112
5,190,116.7
5,200,120.9
5,210,124.5
5,220,127.6
5,230,130.4
5,240,132.9
5,250,135.1
5,260,137
5,270,138.6
5,280,140
5,290,141.2
5,300,142.2
5,310,143.1
5,320,143.9
5,340,145.1
5,350,145.5
2,0,1
155,0,0
155,1,0
155,10,0.1
155,20,2
155,30,8.7
155,40,21.8
155,50,40.5
155,60,61.7
155,70,84.7
155,80,104.3
155,90,123.7
155,100,141.8
155,110,157.7
155,120,170.7
155,130,180.7
155,140,187.8
155,150,192.4
155,160,195.1
155,170,196.2
155,180,196.3
155,190,195.5
155,200,194.2
155,210,192.6
155,230,189.6
155,270,184.4
155,280,183.3
155,290,182.3
155,299,180.3
196,0,0
196,1,0
196,10,0.2
196,20,1.8
196,30,6.3
196,40,13.9
196,50,24.4
196,60,34.6
196,70,49.9
196,80,63.9
196,90,76.9
196,100,89.6
196,110,101.8
196,120,113
196,130,122.6
196,140,130.3
196,150,136.1
196,160,140.1
196,170,142.3
196,180,142.9
196,190,142.5
196,210,140.7
196,230,139.1
196,250,137.9
196,260,137.2
196,270,136.6
196,280,135.9
196,290,135.3
196,299,134.6
167,0,0
167,1,0
167,10,0.2
167,20,1.8
167,30,6.3
167,40,13.9
167,50,24.4
167,60,34.6
167,70,49.9
167,80,63.9
167,90,76.9
167,100,89.6
167,110,101.8
167,120,113
167,130,122.6
167,140,130.3
167,150,136.1
167,160,140.1
167,170,142.3
167,180,142.9
167,190,142.5
167,210,140.7
167,230,139.1
167,250,137.9
167,260,137.2
167,270,136.6
167,280,135.9
167,290,135.3
167,299,134.6
100,0,0
100,1,0
100,10,0.2
100,20,1.8
100,30,6.3
100,40,13.9
100,50,24.4
100,60,34.6
100,70,49.9
100,80,63.9
100,90,76.9
100,100,89.6
100,110,101.8
100,120,113
100,130,122.6
100,140,130.3
100,150,136.1
100,160,140.1
100,170,142.3
100,180,142.9
100,190,142.5
100,210,140.7
100,230,139.1
100,250,137.9
100,260,137.2
100,270,136.6
100,280,135.9
100,290,135.3
100,299,134.6
101,0,0
101,1,0
101,10,0.2
101,20,1.8
101,30,6.3
101,40,13.9
101,50,24.4
101,60,34.6
101,70,49.9
101,80,63.9
101,90,76.9
101,100,89.6
101,110,101.8
101,120,113
101,130,122.6
101,140,130.3
101,150,136.1
101,160,140.1
101,170,142.3
101,180,142.9
101,190,142.5
101,210,140.7
101,230,139.1
101,250,137.9
101,260,137.2
101,270,136.6
101,280,135.9
101,290,135.3
101,299,134.6
59,0,0
59,1,0
59,10,0.2
59,20,1.8
59,30,6.3
59,40,13.9
59,50,24.4
59,60,34.6
59,70,49.9
59,80,63.9
59,90,76.9
59,100,89.6
59,110,101.8
59,120,113
59,130,122.6
59,140,130.3
59,150,136.1
59,160,140.1
59,170,142.3
59,180,142.9
59,190,142.5
59,210,140.7
59,230,139.1
59,250,137.9
59,260,137.2
59,270,136.6
59,280,135.9
59,290,135.3
59,299,134.6
217,0,0
217,1,0
217,10,0.4
217,20,3.3
217,30,10.5
217,40,22.7
217,50,40
217,60,60.8
217,70,86.4
217,80,115
217,90,141.7
217,100,166.5
217,110,188.6
217,120,207.1
217,130,221.8
217,140,232.9
217,150,241.1
217,160,247.1
217,170,251.2
217,180,253.6
217,190,254.5
217,200,254.2
217,210,253.2
217,220,251.5
217,240,247.7
217,250,245.5
217,260,243.1
217,270,240.4
217,280,237.3
217,290,233.9
217,299,231.8
115,0,0
115,1,0
115,10,0.4
115,20,3.2
115,30,10
115,40,21.3
115,50,37.5
115,60,59
115,70,82.1
115,80,110.2
115,90,136.1
115,100,159.6
115,110,179.8
115,120,196.8
115,130,211.2
115,140,223.1
115,150,232.2
115,160,238.5
115,170,242.1
115,180,243.4
115,190,243
115,200,241.3
115,210,239
115,220,236.5
115,230,234.5
115,240,233.2
115,250,232.5
115,270,231.7
115,290,230.5
115,299,229.2
212,0,0
212,1,0
212,10,0.4
212,20,3.3
212,30,10.5
212,40,22.7
212,50,40
212,60,60.8
212,70,86.4
212,80,115
212,90,141.7
212,100,166.5
212,110,188.6
212,120,207.1
212,130,221.8
212,140,232.9
212,150,241.1
212,160,247.1
212,170,251.2
212,180,253.6
212,190,254.5
212,200,254.2
212,210,253.2
212,220,251.5
212,240,247.7
212,250,245.5
212,260,243.1
212,270,240.4
212,280,237.3
212,290,233.9
212,299,231.8
175,0,0
175,1,0
175,10,0.4
175,20,3.3
175,30,10.5
175,40,22.7
175,50,40
175,60,60.8
175,70,86.4
175,80,115
175,90,141.7
175,100,166.5
175,110,188.6
175,120,207.1
175,130,221.8
175,140,232.9
175,150,241.1
175,160,247.1
175,170,251.2
175,180,253.6
175,190,254.5
175,200,254.2
175,210,253.2
175,220,251.5
175,240,247.7
175,250,245.5
175,260,243.1
175,270,240.4
175,280,237.3
175,290,233.9
175,299,231.8
107,0,0
107,1,0
107,10,0.4
107,20,3.3
107,30,10.5
107,40,22.7
107,50,40
107,60,60.8
107,70,86.4
107,80,115
107,90,141.7
107,100,166.5
107,110,188.6
107,120,207.1
107,130,221.8
107,140,232.9
107,150,241.1
107,160,247.1
107,170,251.2
107,180,253.6
107,190,254.5
107,200,254.2
107,210,253.2
107,220,251.5
107,240,247.7
107,250,245.5
107,260,243.1
107,270,240.4
107,280,237.3
107,290,233.9
107,299,231.8
88,0,0
88,1,0
88,10,0.4
88,20,3.3
88,30,10.5
88,40,22.7
88,50,40
88,60,60.8
88,70,86.4
88,80,115
88,90,141.7
88,100,166.5
88,110,188.6
88,120,207.1
88,130,221.8
88,140,232.9
88,150,241.1
88,160,247.1
88,170,251.2
88,180,253.6
88,190,254.5
88,200,254.2
88,210,253.2
88,220,251.5
88,240,247.7
88,250,245.5
88,260,243.1
88,270,240.4
88,280,237.3
88,290,233.9
88,299,231.8
70,0,0
70,1,0
70,10,0.4
70,20,3.2
70,30,10
70,40,21.3
70,50,37.5
70,60,59
70,70,82.1
70,80,110.2
70,90,136.1
70,100,159.6
70,110,179.8
70,120,196.8
70,130,211.2
70,140,223.1
70,150,232.2
70,160,238.5
70,170,242.1
70,180,243.4
70,190,243
70,200,241.3
70,210,239
70,220,236.5
70,230,234.5
70,240,233.2
70,250,232.5
70,270,231.7
70,290,230.5
70,299,229.2
108,0,0
108,1,0
108,10,0.4
108,20,3.2
108,30,10
108,40,21.3
108,50,37.5
108,60,59
108,70,82.1
108,80,110.2
108,90,136.1
108,100,159.6
108,110,179.8
108,120,196.8
108,130,211.2
108,140,223.1
108,150,232.2
108,160,238.5
108,170,242.1
108,180,243.4
108,190,243
108,200,241.3
108,210,239
108,220,236.5
108,230,234.5
108,240,233.2
108,250,232.5
108,270,231.7
108,290,230.5
108,299,229.2
147,0,0
147,1,0
147,10,0.4
147,20,3.2
147,30,10
147,40,21.3
147,50,37.5
147,60,59
147,70,82.1
147,80,110.2
147,90,136.1
147,100,159.6
147,110,179.8
147,120,196.8
147,130,211.2
147,140,223.1
147,150,232.2
147,160,238.5
147,170,242.1
147,180,243.4
147,190,243
147,200,241.3
147,210,239
147,220,236.5
147,230,234.5
147,240,233.2
147,250,232.5
147,270,231.7
147,290,230.5
147,299,229.2
73,0,0
73,1,0
73,10,0.4
73,20,3.2
73,30,10
73,40,21.3
73,50,37.5
73,60,59
73,70,82.1
73,80,110.2
73,90,136.1
73,100,159.6
73,110,179.8
73,120,196.8
73,130,211.2
73,140,223.1
73,150,232.2
73,160,238.5
73,170,242.1
73,180,243.4
73,190,243
73,200,241.3
73,210,239
73,220,236.5
73,230,234.5
73,240,233.2
73,250,232.5
73,270,231.7
73,290,230.5
73,299,229.2
55,0,0
55,1,0
55,10,0.4
55,20,3.2
55,30,10
55,40,21.3
55,50,37.5
55,60,59
55,70,82.1
55,80,110.2
55,90,136.1
55,100,159.6
55,110,179.8
55,120,196.8
55,130,211.2
55,140,223.1
55,150,232.2
55,160,238.5
55,170,242.1
55,180,243.4
55,190,243
55,200,241.3
55,210,239
55,220,236.5
55,230,234.5
55,240,233.2
55,250,232.5
55,270,231.7
55,290,230.5
55,299,229.2
148,0,0
148,1,0
148,10,0.1
148,20,2
148,30,8.7
148,40,21.8
148,50,40.5
148,60,61.7
148,70,84.7
148,80,104.3
148,90,123.7
148,100,141.8
148,110,157.7
148,120,170.7
148,130,180.7
148,140,187.8
148,150,192.4
148,160,195.1
148,170,196.2
148,180,196.3
148,190,195.5
148,200,194.2
148,210,192.6
148,230,189.6
148,270,184.4
148,280,183.3
148,290,182.3
148,299,180.3
92,0,0
92,1,0
92,10,0.1
92,20,2
92,30,8.7
92,40,21.8
92,50,40.5
92,60,61.7
92,70,84.7
92,80,104.3
92,90,123.7
92,100,141.8
92,110,157.7
92,120,170.7
92,130,180.7
92,140,187.8
92,150,192.4
92,160,195.1
92,170,196.2
92,180,196.3
92,190,195.5
92,200,194.2
92,210,192.6
92,230,189.6
92,270,184.4
92,280,183.3
92,290,182.3
92,299,180.3
103,0,0
103,1,0
103,10,0.1
103,20,2
103,30,8.7
103,40,21.8
103,50,40.5
103,60,61.7
103,70,84.7
103,80,104.3
103,90,123.7
103,100,141.8
103,110,157.7
103,120,170.7
103,130,180.7
103,140,187.8
103,150,192.4
103,160,195.1
103,170,196.2
103,180,196.3
103,190,195.5
103,200,194.2
103,210,192.6
103,230,189.6
103,270,184.4
103,280,183.3
103,290,182.3
103,299,180.3
40,0,0
40,1,0
40,10,0.1
40,20,2
40,30,8.7
40,40,21.8
40,50,40.5
40,60,61.7
40,70,84.7
40,80,104.3
40,90,123.7
40,100,141.8
40,110,157.7
40,120,170.7
40,130,180.7
40,140,187.8
40,150,192.4
40,160,195.1
40,170,196.2
40,180,196.3
40,190,195.5
40,200,194.2
40,210,192.6
40,230,189.6
40,270,184.4
40,280,183.3
40,290,182.3
40,299,180.3
143,0,0
143,1,0
143,10,0.6
143,20,2.3
143,30,5.3
143,40,9.6
143,50,15.2
143,60,22.6
143,70,29.8
143,80,39.5
143,90,49.1
143,100,59
143,110,69.3
143,120,79.8
143,130,89.8
143,140,98.5
143,150,105.4
143,160,110.6
143,170,114.1
143,180,116.1
143,190,117.1
143,200,117.4
143,210,117.5
143,220,117.5
143,240,117.1
143,250,116.8
143,260,116.6
143,270,116.3
143,280,116.1
143,290,115.8
143,299,115.7
68,0,0
68,1,0
68,10,0.6
68,20,2.3
68,30,5.3
68,40,9.6
68,50,15.2
68,60,22.6
68,70,29.8
68,80,39.5
68,90,49.1
68,100,59
68,110,69.3
68,120,79.8
68,130,89.8
68,140,98.5
68,150,105.4
68,160,110.6
68,170,114.1
68,180,116.1
68,190,117.1
68,200,117.4
68,210,117.5
68,220,117.5
68,240,117.1
68,250,116.8
68,260,116.6
68,270,116.3
68,280,116.1
68,290,115.8
68,299,115.7
152,0,0
152,1,0
152,10,0.6
152,20,2.3
152,30,5.3
152,40,9.6
152,50,15.2
152,60,22.6
152,70,29.8
152,80,39.5
152,90,49.1
152,100,59
152,110,69.3
152,120,79.8
152,130,89.8
152,140,98.5
152,150,105.4
152,160,110.6
152,170,114.1
152,180,116.1
152,190,117.1
152,200,117.4
152,210,117.5
152,220,117.5
152,240,117.1
152,250,116.8
152,260,116.6
152,270,116.3
152,280,116.1
152,290,115.8
152,299,115.7
63,0,0
63,1,0
63,10,0.6
63,20,2.3
63,30,5.3
63,40,9.6
63,50,15.2
63,60,22.6
63,70,29.8
63,80,39.5
63,90,49.1
63,100,59
63,110,69.3
63,120,79.8
63,130,89.8
63,140,98.5
63,150,105.4
63,160,110.6
63,170,114.1
63,180,116.1
63,190,117.1
63,200,117.4
63,210,117.5
63,220,117.5
63,240,117.1
63,250,116.8
63,260,116.6
63,270,116.3
63,280,116.1
63,290,115.8
63,299,115.7
140,0,0
140,1,0
140,10,1.2
140,20,4.6
140,30,9.8
140,40,16.9
140,50,25.6
140,60,36.1
140,70,45.6
140,80,61.2
140,90,75.2
140,100,88.9
140,110,102
140,120,113.9
140,130,124.1
140,140,132.2
140,150,138.3
140,160,142.5
140,170,145.1
140,180,146.5
140,190,147.1
140,200,147.2
140,210,147
140,220,146.7
140,230,146.2
140,240,145.6
140,270,143.5
140,290,142.3
140,299,141.8
106,0,0
106,1,0
106,10,1.2
106,20,4.6
106,30,9.8
106,40,16.9
106,50,25.6
106,60,36.1
106,70,45.6
106,80,61.2
106,90,75.2
106,100,88.9
106,110,102
106,120,113.9
106,130,124.1
106,140,132.2
106,150,138.3
106,160,142.5
106,170,145.1
106,180,146.5
106,190,147.1
106,200,147.2
106,210,147
106,220,146.7
106,230,146.2
106,240,145.6
106,270,143.5
106,290,142.3
106,299,141.8
47,0,0
47,1,0
47,10,1.2
47,20,4.6
47,30,9.8
47,40,16.9
47,50,25.6
47,60,36.1
47,70,45.6
47,80,61.2
47,90,75.2
47,100,88.9
47,110,102
47,120,113.9
47,130,124.1
47,140,132.2
47,150,138.3
47,160,142.5
47,170,145.1
47,180,146.5
47,190,147.1
47,200,147.2
47,210,147
47,220,146.7
47,230,146.2
47,240,145.6
47,270,143.5
47,290,142.3
47,299,141.8
44,0,0
44,1,0
44,10,1.2
44,20,4.6
44,30,9.8
44,40,16.9
44,50,25.6
44,60,36.1
44,70,45.6
44,80,61.2
44,90,75.2
44,100,88.9
44,110,102
44,120,113.9
44,130,124.1
44,140,132.2
44,150,138.3
44,160,142.5
44,170,145.1
44,180,146.5
44,190,147.1
44,200,147.2
44,210,147
44,220,146.7
44,230,146.2
44,240,145.6
44,270,143.5
44,290,142.3
44,299,141.8
182,0,0
182,1,0
182,10,0.5
182,20,2.1
182,30,4.8
182,40,8.7
182,50,13.7
182,60,19.8
182,70,26.5
182,80,34.5
182,90,45.1
182,100,55.8
182,110,66.6
182,120,76
182,130,82.7
182,140,86.8
182,150,89
182,160,90.4
182,170,91.4
182,180,92.3
182,190,93.3
182,200,94.2
182,210,95
182,220,95.4
182,230,95.4
182,250,95
182,260,94.9
182,270,94.7
182,280,94.4
182,290,94
182,299,94.2
197,0,0
197,1,0
197,10,0.5
197,20,2.1
197,30,4.8
197,40,8.7
197,50,13.7
197,60,19.8
197,70,26.5
197,80,34.5
197,90,45.1
197,100,55.8
197,110,66.6
197,120,76
197,130,82.7
197,140,86.8
197,150,89
197,160,90.4
197,170,91.4
197,180,92.3
197,190,93.3
197,200,94.2
197,210,95
197,220,95.4
197,230,95.4
197,250,95
197,260,94.9
197,270,94.7
197,280,94.4
197,290,94
197,299,94.2
121,0,0
121,1,0
121,10,0.5
121,20,2.1
121,30,4.8
121,40,8.7
121,50,13.7
121,60,19.8
121,70,26.5
121,80,34.5
121,90,45.1
121,100,55.8
121,110,66.6
121,120,76
121,130,82.7
121,140,86.8
121,150,89
121,160,90.4
121,170,91.4
121,180,92.3
121,190,93.3
121,200,94.2
121,210,95
121,220,95.4
121,230,95.4
121,250,95
121,260,94.9
121,270,94.7
121,280,94.4
121,290,94
121,299,94.2
25,0,0
25,1,0
25,10,0.5
25,20,2.1
25,30,4.8
25,40,8.7
25,50,13.7
25,60,19.8
25,70,26.5
25,80,34.5
25,90,45.1
25,100,55.8
25,110,66.6
25,120,76
25,130,82.7
25,140,86.8
25,150,89
25,160,90.4
25,170,91.4
25,180,92.3
25,190,93.3
25,200,94.2
25,210,95
25,220,95.4
25,230,95.4
25,250,95
25,260,94.9
25,270,94.7
25,280,94.4
25,290,94
25,299,94.2
7,0,0
7,1,0
7,10,0.5
7,20,2.1
7,30,4.8
7,40,8.7
7,50,13.7
7,60,19.8
7,70,26.5
7,80,34.5
7,90,45.1
7,100,55.8
7,110,66.6
7,120,76
7,130,82.7
7,140,86.8
7,150,89
7,160,90.4
7,170,91.4
7,180,92.3
7,190,93.3
7,200,94.2
7,210,95
7,220,95.4
7,230,95.4
7,250,95
7,260,94.9
7,270,94.7
7,280,94.4
7,290,94
7,299,94.2
187,0,0
187,30,0
187,40,0.2
187,50,2.8
187,60,12.7
187,70,28.6
187,80,48.2
187,90,67.3
187,100,85.5
187,110,102.4
187,120,117.5
187,130,130.5
187,140,138.2
187,150,143.9
187,160,150.2
187,170,156.3
187,180,161.4
187,190,165.5
187,200,168.8
187,210,171.5
187,220,173.6
187,230,175.2
187,240,176.3
187,250,177.1
187,260,177.6
187,270,177.8
187,280,177.8
187,290,177.7
187,300,177.4
187,310,177
187,320,176.5
187,330,175.9
187,350,174.5
165,0,0
165,30,0
165,40,0.2
165,50,2.8
165,60,12.7
165,70,28.6
165,80,48.2
165,90,67.3
165,100,85.5
165,110,102.4
165,120,117.5
165,130,130.5
165,140,138.2
165,150,143.9
165,160,150.2
165,170,156.3
165,180,161.4
165,190,165.5
165,200,168.8
165,210,171.5
165,220,173.6
165,230,175.2
165,240,176.3
165,250,177.1
165,260,177.6
165,270,177.8
165,280,177.8
165,290,177.7
165,300,177.4
165,310,177
165,320,176.5
165,330,175.9
165,350,174.5
181,0,0
181,30,0
181,40,0.4
181,50,1.9
181,60,5.6
181,70,12.8
181,80,21.7
181,90,31
181,100,40.9
181,110,51.3
181,120,61.5
181,130,70.9
181,140,78.8
181,150,85
181,160,89.6
181,170,92.9
181,180,94.9
181,190,95.9
181,200,96.2
181,220,96.4
181,250,97
181,260,97.1
181,280,96.9
181,290,96.7
181,299,97.8
151,0,0
151,30,0
151,40,0.4
151,50,1.9
151,60,5.6
151,70,12.8
151,80,21.7
151,90,31
151,100,40.9
151,110,51.3
151,120,61.5
151,130,70.9
151,140,78.8
151,150,85
151,160,89.6
151,170,92.9
151,180,94.9
151,190,95.9
151,200,96.2
151,220,96.4
151,250,97
151,260,97.1
151,280,96.9
151,290,96.7
151,299,97.8
36,0,0
36,30,0
36,40,0.4
36,50,1.9
36,60,5.6
36,70,12.8
36,80,21.7
36,90,31
36,100,40.9
36,110,51.3
36,120,61.5
36,130,70.9
36,140,78.8
36,150,85
36,160,89.6
36,170,92.9
36,180,94.9
36,190,95.9
36,200,96.2
36,220,96.4
36,250,97
36,260,97.1
36,280,96.9
36,290,96.7
36,299,97.8
178,0,0
178,30,0
178,40,0.4
178,50,1.9
178,60,5.6
178,70,12.8
178,80,21.7
178,90,31
178,100,40.9
178,110,51.3
178,120,61.5
178,130,70.9
178,140,78.8
178,150,85
178,160,89.6
178,170,92.9
178,180,94.9
178,190,95.9
178,200,96.2
178,220,96.4
178,250,97
178,260,97.1
178,280,96.9
178,290,96.7
178,299,97.8
131,0,0
131,30,0
131,40,0.4
131,50,1.9
131,60,5.6
131,70,12.8
131,80,21.7
131,90,31
131,100,40.9
131,110,51.3
131,120,61.5
131,130,70.9
131,140,78.8
131,150,85
131,160,89.6
131,170,92.9
131,180,94.9
131,190,95.9
131,200,96.2
131,220,96.4
131,250,97
131,260,97.1
131,280,96.9
131,290,96.7
131,299,97.8
32,0,0
32,30,0
32,40,0.4
32,50,1.9
32,60,5.6
32,70,12.8
32,80,21.7
32,90,31
32,100,40.9
32,110,51.3
32,120,61.5
32,130,70.9
32,140,78.8
32,150,85
32,160,89.6
32,170,92.9
32,180,94.9
32,190,95.9
32,200,96.2
32,220,96.4
32,250,97
32,260,97.1
32,280,96.9
32,290,96.7
32,299,97.8
208,0,0
208,30,0
208,40,1.1
208,50,11.2
208,60,31.7
208,70,57
208,80,82.8
208,90,107.2
208,100,129.5
208,110,150
208,120,167.5
208,130,181.8
208,140,186.7
208,150,189.2
208,160,194.4
208,170,200.4
208,180,205.2
208,190,208.9
208,200,211.9
208,210,214.1
208,220,215.8
208,230,217
208,240,217.7
208,250,218.1
208,260,218.2
208,270,218.1
208,280,217.8
208,290,217.3
208,300,216.7
208,310,216
208,320,215.2
208,330,214.3
208,350,212.3
48,0,0
48,30,0
48,40,0.7
48,50,7.1
48,60,20.1
48,70,37.4
48,80,55.6
48,90,74.1
48,100,91.1
48,110,107.1
48,120,121.1
48,130,133.3
48,140,142.7
48,150,151
48,160,158.7
48,170,165.6
48,180,171.8
48,190,177.1
48,200,181.6
48,210,185.4
48,220,188.9
48,230,191.9
48,240,194.5
48,250,196.7
48,260,198.5
48,270,200.2
48,280,201.7
48,290,202.9
48,300,203.9
48,310,204.7
48,320,205.3
48,330,205.8
48,340,206.1
48,350,206.3
141,0,0
141,30,0
141,40,0.7
141,50,7.1
141,60,20.1
141,70,37.4
141,80,55.6
141,90,74.1
141,100,91.1
141,110,107.1
141,120,121.1
141,130,133.3
141,140,142.7
141,150,151
141,160,158.7
141,170,165.6
141,180,171.8
141,190,177.1
141,200,181.6
141,210,185.4
141,220,188.9
141,230,191.9
141,240,194.5
141,250,196.7
141,260,198.5
141,270,200.2
141,280,201.7
141,290,202.9
141,300,203.9
141,310,204.7
141,320,205.3
141,330,205.8
141,340,206.1
141,350,206.3
138,0,0
138,30,0
138,40,0.7
138,50,7.1
138,60,20.1
138,70,37.4
138,80,55.6
138,90,74.1
138,100,91.1
138,110,107.1
138,120,121.1
138,130,133.3
138,140,142.7
138,150,151
138,160,158.7
138,170,165.6
138,180,171.8
138,190,177.1
138,200,181.6
138,210,185.4
138,220,188.9
138,230,191.9
138,240,194.5
138,250,196.7
138,260,198.5
138,270,200.2
138,280,201.7
138,290,202.9
138,300,203.9
138,310,204.7
138,320,205.3
138,330,205.8
138,340,206.1
138,350,206.3
45,0,0
45,30,0
45,40,0.7
45,50,7.1
45,60,20.1
45,70,37.4
45,80,55.6
45,90,74.1
45,100,91.1
45,110,107.1
45,120,121.1
45,130,133.3
45,140,142.7
45,150,151
45,160,158.7
45,170,165.6
45,180,171.8
45,190,177.1
45,200,181.6
45,210,185.4
45,220,188.9
45,230,191.9
45,240,194.5
45,250,196.7
45,260,198.5
45,270,200.2
45,280,201.7
45,290,202.9
45,300,203.9
45,310,204.7
45,320,205.3
45,330,205.8
45,340,206.1
45,350,206.3
176,0,0
176,30,0
176,40,3.3
176,50,21.9
176,60,51.5
176,70,84.6
176,80,117.3
176,90,147.6
176,100,175
176,110,198.5
176,120,219.1
176,130,236.1
176,140,247.3
176,150,256
176,160,264.5
176,170,272.1
176,180,278.4
176,190,283.4
176,200,287.4
176,210,290.6
176,220,293.1
176,230,295
176,240,296.4
176,250,297.3
176,260,297.9
176,270,298.2
176,280,298.1
176,290,297.9
176,300,297.5
176,310,296.9
176,320,296.2
176,330,295.4
176,340,294.5
176,350,293.5
149,0,0
149,30,0
149,40,2.4
149,50,17.5
149,60,42.6
149,70,71.6
149,80,100.3
149,90,126.9
149,100,151.8
149,110,173.2
149,120,191.6
149,130,207.2
149,140,217.6
149,150,225.8
149,160,233.6
149,170,240.7
149,180,246.5
149,190,251.2
149,200,255
149,210,258
149,220,260.3
149,230,262.2
149,240,263.5
149,250,264.5
149,260,265.1
149,270,265.4
149,280,265.5
149,290,265.4
149,300,265.1
149,310,264.7
149,320,264.1
149,330,263.4
149,350,261.8
156,0,0
156,30,0
156,40,2.4
156,50,17.5
156,60,42.6
156,70,71.6
156,80,100.3
156,90,126.9
156,100,151.8
156,110,173.2
156,120,191.6
156,130,207.2
156,140,217.6
156,150,225.8
156,160,233.6
156,170,240.7
156,180,246.5
156,190,251.2
156,200,255
156,210,258
156,220,260.3
156,230,262.2
156,240,263.5
156,250,264.5
156,260,265.1
156,270,265.4
156,280,265.5
156,290,265.4
156,300,265.1
156,310,264.7
156,320,264.1
156,330,263.4
156,350,261.8
93,0,0
93,30,0
93,40,2.4
93,50,17.5
93,60,42.6
93,70,71.6
93,80,100.3
93,90,126.9
93,100,151.8
93,110,173.2
93,120,191.6
93,130,207.2
93,140,217.6
93,150,225.8
93,160,233.6
93,170,240.7
93,180,246.5
93,190,251.2
93,200,255
93,210,258
93,220,260.3
93,230,262.2
93,240,263.5
93,250,264.5
93,260,265.1
93,270,265.4
93,280,265.5
93,290,265.4
93,300,265.1
93,310,264.7
93,320,264.1
93,330,263.4
93,350,261.8
116,0,0
116,30,0
116,40,6.1
116,50,25.1
116,60,52.6
116,70,82.6
116,80,112.7
116,90,140.6
116,100,165.8
116,110,188
116,120,207.2
116,130,223.7
116,140,235.7
116,150,245.8
116,160,255.6
116,170,264.4
116,180,272.1
116,190,278.8
116,200,284.4
116,210,289.3
116,220,293.7
116,230,297.5
116,240,300.7
116,250,303.4
116,260,305.7
116,270,307.7
116,280,309.4
116,290,310.8
116,300,311.9
116,310,312.8
116,320,313.4
116,330,313.9
116,350,314.5
89,0,0
89,30,0
89,40,3.3
89,50,21.9
89,60,51.5
89,70,84.6
89,80,117.3
89,90,147.6
89,100,175
89,110,198.5
89,120,219.1
89,130,236.1
89,140,247.3
89,150,256
89,160,264.5
89,170,272.1
89,180,278.4
89,190,283.4
89,200,287.4
89,210,290.6
89,220,293.1
89,230,295
89,240,296.4
89,250,297.3
89,260,297.9
89,270,298.2
89,280,298.1
89,290,297.9
89,300,297.5
89,310,296.9
89,320,296.2
89,330,295.4
89,340,294.5
89,350,293.5
74,0,0
74,30,0
74,40,6.1
74,50,25.1
74,60,52.6
74,70,82.6
74,80,112.7
74,90,140.6
74,100,165.8
74,110,188
74,120,207.2
74,130,223.7
74,140,235.7
74,150,245.8
74,160,255.6
74,170,264.4
74,180,272.1
74,190,278.8
74,200,284.4
74,210,289.3
74,220,293.7
74,230,297.5
74,240,300.7
74,250,303.4
74,260,305.7
74,270,307.7
74,280,309.4
74,290,310.8
74,300,311.9
74,310,312.8
74,320,313.4
74,330,313.9
74,350,314.5
56,0,0
56,30,0
56,40,6.1
56,50,25.1
56,60,52.6
56,70,82.6
56,80,112.7
56,90,140.6
56,100,165.8
56,110,188
56,120,207.2
56,130,223.7
56,140,235.7
56,150,245.8
56,160,255.6
56,170,264.4
56,180,272.1
56,190,278.8
56,200,284.4
56,210,289.3
56,220,293.7
56,230,297.5
56,240,300.7
56,250,303.4
56,260,305.7
56,270,307.7
56,280,309.4
56,290,310.8
56,300,311.9
56,310,312.8
56,320,313.4
56,330,313.9
56,350,314.5
159,0,0
159,30,0
159,40,6.2
159,50,24.4
159,60,50.6
159,70,79
159,80,107.5
159,90,133.7
159,100,157.4
159,110,178.3
159,120,196.3
159,130,211.8
159,140,223
159,150,232.4
159,160,241.6
159,170,249.7
159,180,257
159,190,263.2
159,200,268.4
159,210,273.1
159,220,277.2
159,230,280.7
159,240,283.7
159,250,286.1
159,260,288.4
159,270,290.2
159,280,291.8
159,290,293.1
159,300,294.1
159,310,294.9
159,320,295.5
159,330,296
159,340,296.4
159,350,296.6
126,0,0
126,30,0
126,40,6.2
126,50,24.4
126,60,50.6
126,70,79
126,80,107.5
126,90,133.7
126,100,157.4
126,110,178.3
126,120,196.3
126,130,211.8
126,140,223
126,150,232.4
126,160,241.6
126,170,249.7
126,180,257
126,190,263.2
126,200,268.4
126,210,273.1
126,220,277.2
126,230,280.7
126,240,283.7
126,250,286.1
126,260,288.4
126,270,290.2
126,280,291.8
126,290,293.1
126,300,294.1
126,310,294.9
126,320,295.5
126,330,296
126,340,296.4
126,350,296.6
82,0,0
82,30,0
82,40,6.2
82,50,24.4
82,60,50.6
82,70,79
82,80,107.5
82,90,133.7
82,100,157.4
82,110,178.3
82,120,196.3
82,130,211.8
82,140,223
82,150,232.4
82,160,241.6
82,170,249.7
82,180,257
82,190,263.2
82,200,268.4
82,210,273.1
82,220,277.2
82,230,280.7
82,240,283.7
82,250,286.1
82,260,288.4
82,270,290.2
82,280,291.8
82,290,293.1
82,300,294.1
82,310,294.9
82,320,295.5
82,330,296
82,340,296.4
82,350,296.6
51,0,0
51,30,0
51,40,6.2
51,50,24.4
51,60,50.6
51,70,79
51,80,107.5
51,90,133.7
51,100,157.4
51,110,178.3
51,120,196.3
51,130,211.8
51,140,223
51,150,232.4
51,160,241.6
51,170,249.7
51,180,257
51,190,263.2
51,200,268.4
51,210,273.1
51,220,277.2
51,230,280.7
51,240,283.7
51,250,286.1
51,260,288.4
51,270,290.2
51,280,291.8
51,290,293.1
51,300,294.1
51,310,294.9
51,320,295.5
51,330,296
51,340,296.4
51,350,296.6
41,0,0
41,30,0
41,40,2.4
41,50,17.5
41,60,42.6
41,70,71.6
41,80,100.3
41,90,126.9
41,100,151.8
41,110,173.2
41,120,191.6
41,130,207.2
41,140,217.6
41,150,225.8
41,160,233.6
41,170,240.7
41,180,246.5
41,190,251.2
41,200,255
41,210,258
41,220,260.3
41,230,262.2
41,240,263.5
41,250,264.5
41,260,265.1
41,270,265.4
41,280,265.5
41,290,265.4
41,300,265.1
41,310,264.7
41,320,264.1
41,330,263.4
41,350,261.8
113,0,0
113,30,0
113,40,0.5
113,50,7.4
113,60,21.9
113,70,41.4
113,80,62.7
113,90,83.9
113,100,103.7
113,110,122.4
113,120,138.8
113,130,153.3
113,140,164.3
113,150,174
113,160,183.3
113,170,191.5
113,180,198.7
113,190,205
113,200,210.5
113,210,215.1
113,220,219.1
113,230,222.7
113,240,225.8
113,250,228.4
113,260,230.6
113,270,232.6
113,280,234.2
113,290,235.7
113,300,236.9
113,310,237.9
113,320,238.7
113,330,239.3
113,340,239.7
113,350,240
19,0,0
19,30,0
19,40,0.5
19,50,7.4
19,60,21.9
19,70,41.4
19,80,62.7
19,90,83.9
19,100,103.7
19,110,122.4
19,120,138.8
19,130,153.3
19,140,164.3
19,150,174
19,160,183.3
19,170,191.5
19,180,198.7
19,190,205
19,200,210.5
19,210,215.1
19,220,219.1
19,230,222.7
19,240,225.8
19,250,228.4
19,260,230.6
19,270,232.6
19,280,234.2
19,290,235.7
19,300,236.9
19,310,237.9
19,320,238.7
19,330,239.3
19,340,239.7
19,350,240
169,0,0
169,30,0
169,40,0.1
169,50,2.2
169,60,9.9
169,70,22.2
169,80,37.5
169,90,52.5
169,100,67
169,110,80
169,120,91.8
169,130,101.9
169,140,106.7
169,150,110
169,160,114.5
169,170,119.3
169,180,123.3
169,190,126.5
169,200,129
169,210,131.1
169,220,132.7
169,230,134
169,240,134.9
169,250,135.5
169,260,135.9
169,270,136.1
169,280,136.2
169,290,136.1
169,300,135.9
169,310,135.6
169,320,135.2
169,350,133.7
60,0,0
60,30,0
60,40,0.1
60,50,2.2
60,60,9.9
60,70,22.2
60,80,37.5
60,90,52.5
60,100,67
60,110,80
60,120,91.8
60,130,101.9
60,140,106.7
60,150,110
60,160,114.5
60,170,119.3
60,180,123.3
60,190,126.5
60,200,129
60,210,131.1
60,220,132.7
60,230,134
60,240,134.9
60,250,135.5
60,260,135.9
60,270,136.1
60,280,136.2
60,290,136.1
60,300,135.9
60,310,135.6
60,320,135.2
60,350,133.7
129,0,0
129,30,0
129,40,0.1
129,50,2.3
129,60,13
129,70,29.9
129,80,51.1
129,90,72.7
129,100,92.8
129,110,111.5
129,120,128.6
129,130,143.1
129,140,154.6
129,150,164.3
129,160,173.2
129,170,181.2
129,180,187.9
129,190,193.4
129,200,198.1
129,210,201.9
129,220,205
129,230,207.7
129,240,209.9
129,250,211.6
129,260,212.9
129,270,213.9
129,280,214.6
129,290,215.1
129,300,215.3
129,310,215.4
129,320,215.4
129,330,215.2
129,340,214.9
129,350,214.5
85,0,0
85,30,0
85,40,0.1
85,50,3.7
85,60,18.1
85,70,42.9
85,80,70.8
85,90,97.7
85,100,123.2
85,110,146.2
85,120,166.9
85,130,185.2
85,140,201
85,150,214.9
85,160,227.2
85,170,238.1
85,180,247.7
85,190,256.1
85,200,263.6
85,210,269.9
85,220,275.5
85,230,280.4
85,240,284.8
85,250,288.8
85,260,292.3
85,270,295.3
85,280,297.8
85,290,299.9
85,300,301.7
85,310,303.1
85,320,304.3
85,330,305.3
85,340,306
85,350,306.6
14,0,0
14,30,0
14,40,0.1
14,50,2.3
14,60,13
14,70,29.9
14,80,51.1
14,90,72.7
14,100,92.8
14,110,111.5
14,120,128.6
14,130,143.1
14,140,154.6
14,150,164.3
14,160,173.2
14,170,181.2
14,180,187.9
14,190,193.4
14,200,198.1
14,210,201.9
14,220,205
14,230,207.7
14,240,209.9
14,250,211.6
14,260,212.9
14,270,213.9
14,280,214.6
14,290,215.1
14,300,215.3
14,310,215.4
14,320,215.4
14,330,215.2
14,340,214.9
14,350,214.5
210,0,0
210,20,0
210,30,0.1
210,40,0.8
210,50,3.5
210,60,10.2
210,70,20.4
210,80,34
210,90,46.9
210,100,59.2
210,110,70.7
210,120,81.2
210,130,90.8
210,140,99.4
210,150,107
210,160,113.3
210,170,118.3
210,180,122
210,190,124.5
210,200,125.8
210,210,126.2
210,220,126
210,230,125.6
210,240,125.3
210,260,124.9
210,270,124.6
210,290,123.8
210,299,123.4
198,0,0
198,20,0
198,30,0.2
198,40,0.6
198,50,1.5
198,60,3.4
198,70,8.4
198,80,11
198,90,19.8
198,100,27.9
198,110,35.9
198,120,43.5
198,130,50.6
198,140,57.2
198,150,63.3
198,160,68.6
198,170,73
198,180,76.5
198,190,78.9
198,200,80.2
198,210,80.8
198,230,80.8
198,250,80.4
198,260,80.1
198,270,79.9
198,290,79.3
198,299,79.8
189,0,0
189,20,0
189,30,0.2
189,40,0.6
189,50,1.5
189,60,3.4
189,70,8.4
189,80,11
189,90,19.8
189,100,27.9
189,110,35.9
189,120,43.5
189,130,50.6
189,140,57.2
189,150,63.3
189,160,68.6
189,170,73
189,180,76.5
189,190,78.9
189,200,80.2
189,210,80.8
189,230,80.8
189,250,80.4
189,260,80.1
189,270,79.9
189,290,79.3
189,299,79.8
194,0,0
194,20,0
194,30,0.7
194,40,3.9
194,50,12.4
194,60,28.1
194,70,46
194,80,64.6
194,90,82.9
194,100,100.2
194,110,116.5
194,120,131.2
194,130,143.6
194,140,153.1
194,150,159.7
194,160,163.9
194,170,166.5
194,180,168.2
194,190,169.3
194,200,170
194,210,170.2
194,220,170.3
194,240,169.9
194,250,169.5
194,260,169.2
194,290,167.7
194,299,167.3
213,0,0
213,20,0
213,30,0.4
213,40,2.5
213,50,7.7
213,60,16.8
213,70,28.2
213,80,38.9
213,90,49.5
213,100,59.3
213,110,68
213,120,75.7
213,130,82.5
213,140,88.9
213,150,94.8
213,160,99.7
213,170,103.2
213,180,105.2
213,190,106
213,200,105.8
213,210,105.1
213,220,104.1
213,230,103
213,240,102
213,250,101.1
213,260,100.3
213,280,98.9
213,290,98.3
213,299,97.8
96,0,0
96,20,0
96,30,0.4
96,40,2.5
96,50,7.7
96,60,16.8
96,70,28.2
96,80,38.9
96,90,49.5
96,100,59.3
96,110,68
96,120,75.7
96,130,82.5
96,140,88.9
96,150,94.8
96,160,99.7
96,170,103.2
96,180,105.2
96,190,106
96,200,105.8
96,210,105.1
96,220,104.1
96,230,103
96,240,102
96,250,101.1
96,260,100.3
96,280,98.9
96,290,98.3
96,299,97.8
72,0,0
72,20,0
72,30,0.2
72,40,0.6
72,50,1.5
72,60,3.4
72,70,8.4
72,80,11
72,90,19.8
72,100,27.9
72,110,35.9
72,120,43.5
72,130,50.6
72,140,57.2
72,150,63.3
72,160,68.6
72,170,73
72,180,76.5
72,190,78.9
72,200,80.2
72,210,80.8
72,230,80.8
72,250,80.4
72,260,80.1
72,270,79.9
72,290,79.3
72,299,79.8
128,0,0
128,20,0
128,30,0.7
128,40,3.9
128,50,12.4
128,60,28.1
128,70,46
128,80,64.6
128,90,82.9
128,100,100.2
128,110,116.5
128,120,131.2
128,130,143.6
128,140,153.1
128,150,159.7
128,160,163.9
128,170,166.5
128,180,168.2
128,190,169.3
128,200,170
128,210,170.2
128,220,170.3
128,240,169.9
128,250,169.5
128,260,169.2
128,290,167.7
128,299,167.3
218,0,0
218,20,0
218,30,0.7
218,40,3.9
218,50,12.4
218,60,28.1
218,70,46
218,80,64.6
218,90,82.9
218,100,100.2
218,110,116.5
218,120,131.2
218,130,143.6
218,140,153.1
218,150,159.7
218,160,163.9
218,170,166.5
218,180,168.2
218,190,169.3
218,200,170
218,210,170.2
218,220,170.3
218,240,169.9
218,250,169.5
218,260,169.2
218,290,167.7
218,299,167.3
102,0,0
102,20,0
102,30,0.7
102,40,3.9
102,50,12.4
102,60,28.1
102,70,46
102,80,64.6
102,90,82.9
102,100,100.2
102,110,116.5
102,120,131.2
102,130,143.6
102,140,153.1
102,150,159.7
102,160,163.9
102,170,166.5
102,180,168.2
102,190,169.3
102,200,170
102,210,170.2
102,220,170.3
102,240,169.9
102,250,169.5
102,260,169.2
102,290,167.7
102,299,167.3
195,0,0
195,20,0
195,30,0.7
195,40,3.9
195,50,12.4
195,60,28.1
195,70,46
195,80,64.6
195,90,82.9
195,100,100.2
195,110,116.5
195,120,131.2
195,130,143.6
195,140,153.1
195,150,159.7
195,160,163.9
195,170,166.5
195,180,168.2
195,190,169.3
195,200,170
195,210,170.2
195,220,170.3
195,240,169.9
195,250,169.5
195,260,169.2
195,290,167.7
195,299,167.3
10,0,0
10,20,0
10,30,0.7
10,40,3.9
10,50,12.4
10,60,28.1
10,70,46
10,80,64.6
10,90,82.9
10,100,100.2
10,110,116.5
10,120,131.2
10,130,143.6
10,140,153.1
10,150,159.7
10,160,163.9
10,170,166.5
10,180,168.2
10,190,169.3
10,200,170
10,210,170.2
10,220,170.3
10,240,169.9
10,250,169.5
10,260,169.2
10,290,167.7
10,299,167.3
97,0,0
97,60,0
97,70,0.2
97,80,0.8
97,90,6
97,100,15.7
97,110,30.2
97,120,46.7
97,130,64.7
97,150,100.9
97,160,118.2
97,170,135.1
97,180,150.8
97,190,165.6
97,200,179.3
97,210,192.3
97,220,204.3
97,230,215.4
97,240,225.4
97,250,234.6
97,260,243.1
97,270,251
97,280,258.2
97,290,264.9
97,300,271
97,310,276.6
97,320,281.7
97,330,286.4
97,340,290.7
97,350,294.6
191,0,0
191,50,0
191,60,0.2
191,70,0.9
191,80,3.6
191,90,8.1
191,100,15
191,110,22
191,120,28.9
191,130,36.3
191,140,41.9
191,150,46.7
191,160,51.2
191,170,55.3
191,180,59.1
191,190,62.3
191,200,65.1
191,210,67.4
191,220,69.3
191,230,70.9
191,240,72.3
191,250,73.4
191,260,74.2
191,270,74.9
191,280,75.5
191,300,76.1
191,310,76.3
191,320,76.4
191,330,76.4
191,350,76.2
204,0,0
204,50,0
204,60,0.3
204,70,5.1
204,80,16.7
204,90,35.9
204,100,57.2
204,110,80.1
204,120,102.8
204,130,124.6
204,140,145
204,150,164
204,160,181.4
204,170,197.5
204,180,212.2
204,190,225.3
204,200,237.1
204,210,247.8
204,220,257.5
204,230,266.4
204,240,274.4
204,250,281.6
204,260,288.2
204,270,294.1
204,280,299.5
204,290,304.2
204,300,308.3
204,310,312
204,320,315.4
204,330,318.3
204,340,320.9
204,350,323.3
132,0,0
132,50,0
132,60,0.2
132,70,2.9
132,80,9.4
132,90,18.8
132,100,28.9
132,110,40.2
132,120,50.7
132,130,60.4
132,140,69
132,150,76.3
132,160,83.1
132,170,89.2
132,180,94.4
132,190,99
132,200,103.2
132,210,106.8
132,220,110
132,230,112.7
132,240,114.9
132,250,116.8
132,260,118.4
132,270,119.8
132,280,120.9
132,290,121.8
132,300,122.6
132,320,123.6
132,330,123.9
132,350,124.3
33,0,0
33,50,0
33,60,0.2
33,70,2.9
33,80,9.4
33,90,18.8
33,100,28.9
33,110,40.2
33,120,50.7
33,130,60.4
33,140,69
33,150,76.3
33,160,83.1
33,170,89.2
33,180,94.4
33,190,99
33,200,103.2
33,210,106.8
33,220,110
33,230,112.7
33,240,114.9
33,250,116.8
33,260,118.4
33,270,119.8
33,280,120.9
33,290,121.8
33,300,122.6
33,320,123.6
33,330,123.9
33,350,124.3
69,0,0
69,120,0
69,180,1
87,0,0
87,120,0
87,190,1
54,0,0
54,120,0
54,180,1
200,0,0
200,110,0
200,160,1
109,0,0
109,110,0
109,210,1
91,0,0
91,110,0
91,180,1
39,0,0
39,110,0
39,180,1
23,0,0
23,110,0
23,210,1
173,0,0
173,40,0
173,50,0.2
173,60,3
173,70,9.9
173,80,21
173,90,33.8
173,100,46.7
173,110,58.7
173,120,70.3
173,130,80.3
173,140,87.2
173,160,98.4
173,170,103.7
173,180,108.2
173,190,112
173,200,115
173,210,117.4
173,220,119.5
173,230,121.2
173,240,122.6
173,250,123.6
173,260,124.3
173,270,124.8
173,280,125.2
173,290,125.3
173,300,125.3
173,310,125.2
173,320,125
173,340,124.4
173,350,124
162,0,0
162,40,0
162,50,0.2
162,60,3
162,70,9.9
162,80,21
162,90,33.8
162,100,46.7
162,110,58.7
162,120,70.3
162,130,80.3
162,140,87.2
162,160,98.4
162,170,103.7
162,180,108.2
162,190,112
162,200,115
162,210,117.4
162,220,119.5
162,230,121.2
162,240,122.6
162,250,123.6
162,260,124.3
162,270,124.8
162,280,125.2
162,290,125.3
162,300,125.3
162,310,125.2
162,320,125
162,340,124.4
162,350,124
122,0,0
122,40,0
122,50,0.5
122,60,4.1
122,70,12.8
122,80,24.6
122,90,37.3
122,100,50.9
122,110,63.5
122,120,75.4
122,130,86.5
122,140,95.6
122,150,103.7
122,160,111.2
122,170,118.1
122,180,124.1
122,190,129.6
122,200,134.3
122,210,138.4
122,220,141.9
122,230,145
122,240,147.9
122,250,150.4
122,260,152.5
122,270,154.4
122,280,156
122,290,157.3
122,300,158.5
122,310,159.5
122,320,160.4
122,330,161.1
122,340,161.8
122,350,162.3
78,0,0
78,40,0
78,50,0.2
78,60,3
78,70,9.9
78,80,21
78,90,33.8
78,100,46.7
78,110,58.7
78,120,70.3
78,130,80.3
78,140,87.2
78,160,98.4
78,170,103.7
78,180,108.2
78,190,112
78,200,115
78,210,117.4
78,220,119.5
78,230,121.2
78,240,122.6
78,250,123.6
78,260,124.3
78,270,124.8
78,280,125.2
78,290,125.3
78,300,125.3
78,310,125.2
78,320,125
78,340,124.4
78,350,124
144,0,0
144,40,0
144,50,0.1
144,60,3.2
144,70,12.2
144,80,23.7
144,90,37
144,100,50.1
144,110,62.8
144,120,74
144,130,84
144,140,92.4
144,150,99.3
144,160,105.7
144,170,111.4
144,180,116.4
144,190,120.8
144,200,124.5
144,210,127.6
144,220,130.2
144,230,132.4
144,240,134.2
144,250,135.6
144,260,136.8
144,270,137.8
144,280,138.5
144,290,139
144,300,139.4
144,310,139.7
144,320,139.8
144,340,139.8
144,350,139.7
64,0,0
64,40,0
64,50,0.1
64,60,3.2
64,70,12.2
64,80,23.7
64,90,37
64,100,50.1
64,110,62.8
64,120,74
64,130,84
64,140,92.4
64,150,99.3
64,160,105.7
64,170,111.4
64,180,116.4
64,190,120.8
64,200,124.5
64,210,127.6
64,220,130.2
64,230,132.4
64,240,134.2
64,250,135.6
64,260,136.8
64,270,137.8
64,280,138.5
64,290,139
64,300,139.4
64,310,139.7
64,320,139.8
64,340,139.8
64,350,139.7
153,0,0
153,40,0
153,50,0.1
153,60,3.2
153,70,12.2
153,80,23.7
153,90,37
153,100,50.1
153,110,62.8
153,120,74
153,130,84
153,140,92.4
153,150,99.3
153,160,105.7
153,170,111.4
153,180,116.4
153,190,120.8
153,200,124.5
153,210,127.6
153,220,130.2
153,230,132.4
153,240,134.2
153,250,135.6
153,260,136.8
153,270,137.8
153,280,138.5
153,290,139
153,300,139.4
153,310,139.7
153,320,139.8
153,340,139.8
153,350,139.7
135,0,0
135,40,0
135,50,0.1
135,60,1.4
135,70,6.2
135,80,15.8
135,90,26.7
135,100,38.7
135,120,61.1
135,130,71
135,140,78.9
135,150,85.5
135,160,92.2
135,170,98.2
135,180,103.4
135,190,107.7
135,200,111.5
135,210,114.7
135,220,117.3
135,230,119.6
135,240,121.5
135,250,123.1
135,260,124.4
135,270,125.5
135,280,126.4
135,290,127.1
135,310,128.1
135,320,128.4
135,340,128.6
28,0,0
28,40,0
28,50,0.1
28,60,1.4
28,70,6.2
28,80,15.8
28,90,26.7
28,100,38.7
28,120,61.1
28,130,71
28,140,78.9
28,150,85.5
28,160,92.2
28,170,98.2
28,180,103.4
28,190,107.7
28,200,111.5
28,210,114.7
28,220,117.3
28,230,119.6
28,240,121.5
28,250,123.1
28,260,124.4
28,270,125.5
28,280,126.4
28,290,127.1
28,310,128.1
28,320,128.4
28,340,128.6
8,0,0
8,40,0
8,50,0.5
8,60,4.1
8,70,12.8
8,80,24.6
8,90,37.3
8,100,50.9
8,110,63.5
8,120,75.4
8,130,86.5
8,140,95.6
8,150,103.7
8,160,111.2
8,170,118.1
8,180,124.1
8,190,129.6
8,200,134.3
8,210,138.4
8,220,141.9
8,230,145
8,240,147.9
8,250,150.4
8,260,152.5
8,270,154.4
8,280,156
8,290,157.3
8,300,158.5
8,310,159.5
8,320,160.4
8,340,161.8
8,350,162.3
119,0,0
119,40,0
119,50,0.6
119,60,4.2
119,70,12.1
119,80,22.9
119,90,34.4
119,100,46.7
119,110,57.8
119,120,68.6
119,130,78.5
119,140,86.6
119,150,93.7
119,160,100.4
119,170,106.5
119,180,112
119,190,116.7
119,200,120.9
119,210,124.5
119,220,127.6
119,230,130.4
119,240,132.9
119,250,135.1
119,260,137
119,270,138.6
119,280,140
119,290,141.2
119,300,142.2
119,310,143.1
119,320,143.9
119,340,145.1
119,350,145.5
4,0,0
4,40,0
4,50,0.6
4,60,4.2
4,70,12.1
4,80,22.9
4,90,34.4
4,100,46.7
4,110,57.8
4,120,68.6
4,130,78.5
4,140,86.6
4,150,93.7
4,160,100.4
4,170,106.5
4,180,112
4,190,116.7
4,200,120.9
4,210,124.5
4,220,127.6
4,230,130.4
4,240,132.9
4,250,135.1
4,260,137
4,270,138.6
4,280,140
4,290,141.2
4,300,142.2
4,310,143.1
4,320,143.9
4,340,145.1
4,350,145.5
186,0,0
186,10,0
186,20,0.1
186,30,0.7
186,40,3.7
186,50,11
186,60,22.9
186,80,54.7
186,90,70
186,100,84.2
186,110,97.1
186,120,108.7
186,130,119
186,140,127.6
186,150,134.1
186,160,138.4
186,170,141.1
186,180,142.6
186,190,143.4
186,200,143.7
186,210,143.5
186,220,143.1
186,230,142.6
186,240,142.2
186,250,141.9
186,260,141.8
186,270,141.5
186,280,141.1
186,290,140.6
186,299,140.1
164,0,0
164,10,0
164,20,0.1
164,30,0.7
164,40,3.7
164,50,11
164,60,22.9
164,80,54.7
164,90,70
164,100,84.2
164,110,97.1
164,120,108.7
164,130,119
164,140,127.6
164,150,134.1
164,160,138.4
164,170,141.1
164,180,142.6
164,190,143.4
164,200,143.7
164,210,143.5
164,220,143.1
164,230,142.6
164,240,142.2
164,250,141.9
164,260,141.8
164,270,141.5
164,280,141.1
164,290,140.6
164,299,140.1
214,0,0
214,10,0
214,20,0.1
214,30,0.7
214,40,3.7
214,50,11
214,60,22.9
214,80,54.7
214,90,70
214,100,84.2
214,110,97.1
214,120,108.7
214,130,119
214,140,127.6
214,150,134.1
214,160,138.4
214,170,141.1
214,180,142.6
214,190,143.4
214,200,143.7
214,210,143.5
214,220,143.1
214,230,142.6
214,240,142.2
214,250,141.9
214,260,141.8
214,270,141.5
214,280,141.1
214,290,140.6
214,299,140.1
172,0,0
172,10,0
172,20,0.2
172,30,1
172,40,2.5
172,50,5.3
172,60,9.8
172,70,15.5
172,80,25.1
172,90,34.4
172,100,44.5
172,110,55.7
172,120,67.4
172,130,78.5
172,140,88
172,150,95.3
172,160,100.9
172,170,105.1
172,180,108.1
172,190,110.1
172,200,111.1
172,210,111.4
172,220,111.2
172,260,110
172,270,109.6
172,290,109
172,299,109.8
105,0,0
105,10,0
105,20,0.2
105,30,1
105,40,2.5
105,50,5.3
105,60,9.8
105,70,15.5
105,80,25.1
105,90,34.4
105,100,44.5
105,110,55.7
105,120,67.4
105,130,78.5
105,140,88
105,150,95.3
105,160,100.9
105,170,105.1
105,180,108.1
105,190,110.1
105,200,111.1
105,210,111.4
105,220,111.2
105,260,110
105,270,109.6
105,290,109
105,299,109.8
215,0,0
215,10,0
215,20,0.2
215,30,1
215,40,2.5
215,50,5.3
215,60,9.8
215,70,15.5
215,80,25.1
215,90,34.4
215,100,44.5
215,110,55.7
215,120,67.4
215,130,78.5
215,140,88
215,150,95.3
215,160,100.9
215,170,105.1
215,180,108.1
215,190,110.1
215,200,111.1
215,210,111.4
215,220,111.2
215,230,110.9
215,260,110
215,270,109.6
215,290,109
215,299,109.8
203,0,0
203,10,0
203,20,0.2
203,30,1.2
203,40,3.9
203,50,9.2
203,60,16.9
203,70,27
203,80,38.6
203,90,49.6
203,100,60.3
203,110,70.9
203,120,81.7
203,130,93
203,140,104.7
203,150,115.8
203,160,125
203,170,131.5
203,180,135.2
203,190,136.5
203,200,136.3
203,210,135.1
203,240,130
203,250,128.4
203,260,127
203,270,125.8
203,280,124.8
203,290,123.9
203,299,123.5
185,0,0
185,10,0
185,20,0.2
185,30,1.2
185,40,3.9
185,50,9.2
185,60,16.9
185,70,27
185,80,38.6
185,90,49.6
185,100,60.3
185,110,70.9
185,120,81.7
185,130,93
185,140,104.7
185,150,115.8
185,160,125
185,170,131.5
185,180,135.2
185,190,136.5
185,200,136.3
185,210,135.1
185,240,130
185,250,128.4
185,260,127
185,270,125.8
185,280,124.8
185,290,123.9
185,299,123.5
161,0,0
161,10,0
161,20,0.2
161,30,1
161,40,2.5
161,50,5.3
161,60,9.8
161,70,15.5
161,80,25.1
161,90,34.4
161,100,44.5
161,110,55.7
161,120,67.4
161,130,78.5
161,140,88
161,150,95.3
161,160,100.9
161,170,105.1
161,180,108.1
161,190,110.1
161,200,111.1
161,210,111.4
161,220,111.2
161,260,110
161,270,109.6
161,290,109
161,299,109.8
77,0,0
77,10,0
77,20,0.2
77,30,1
77,40,2.5
77,50,5.3
77,60,9.8
77,70,15.5
77,80,25.1
77,90,34.4
77,100,44.5
77,110,55.7
77,120,67.4
77,130,78.5
77,140,88
77,150,95.3
77,160,100.9
77,170,105.1
77,180,108.1
77,190,110.1
77,200,111.1
77,210,111.4
77,220,111.2
77,260,110
77,270,109.6
77,290,109
77,299,109.8
211,0,0
211,10,0
211,20,0.1
211,30,0.7
211,40,3.7
211,50,11
211,60,22.9
211,80,54.7
211,90,70
211,100,84.2
211,110,97.1
211,120,108.7
211,130,119
211,140,127.6
211,150,134.1
211,160,138.4
211,170,141.1
211,180,142.6
211,190,143.4
211,200,143.7
211,210,143.5
211,220,143.1
211,230,142.6
211,240,142.2
211,250,141.9
211,260,141.8
211,270,141.5
211,280,141.1
211,290,140.6
211,299,140.1
202,0,0
202,10,0
202,20,0.1
202,30,0.7
202,40,3.7
202,50,11
202,60,22.9
202,80,54.7
202,90,70
202,100,84.2
202,110,97.1
202,120,108.7
202,130,119
202,140,127.6
202,150,134.1
202,160,138.4
202,170,141.1
202,180,142.6
202,190,143.4
202,200,143.7
202,210,143.5
202,220,143.1
202,230,142.6
202,240,142.2
202,250,141.9
202,260,141.8
202,270,141.5
202,280,141.1
202,290,140.6
202,299,140.1
134,0,0
134,10,0
134,20,0.1
134,30,0.5
134,40,1.7
134,50,4.2
134,60,8.9
134,70,17.8
134,80,27.5
134,90,47.2
134,100,64.2
134,110,79.4
134,120,92.6
134,130,104
134,140,113.8
134,150,121.5
134,160,127
134,170,130.6
134,180,132.7
134,190,133.7
134,200,133.8
134,220,133.2
134,270,132.2
134,290,131.6
134,299,131.2
35,0,0
35,10,0
35,20,0.1
35,30,0.5
35,40,1.7
35,50,4.2
35,60,8.9
35,70,17.8
35,80,27.5
35,90,47.2
35,100,64.2
35,110,79.4
35,120,92.6
35,130,104
35,140,113.8
35,150,121.5
35,160,127
35,170,130.6
35,180,132.7
35,190,133.7
35,200,133.8
35,220,133.2
35,270,132.2
35,290,131.6
35,299,131.2
27,0,0
27,10,0
27,20,0.1
27,30,0.5
27,40,1.7
27,50,4.2
27,60,8.9
27,70,17.8
27,80,27.5
27,90,47.2
27,100,64.2
27,110,79.4
27,120,92.6
27,130,104
27,140,113.8
27,150,121.5
27,160,127
27,170,130.6
27,180,132.7
27,190,133.7
27,200,133.8
27,220,133.2
27,270,132.2
27,290,131.6
27,299,131.2
146,0,0
146,10,0
146,20,0.3
146,30,1.7
146,40,5
146,50,10.5
146,60,19.6
146,70,27.4
146,80,36.9
146,90,46.8
146,100,57.1
146,110,67.1
146,120,76.1
146,130,83.5
146,140,89
146,150,92.8
146,160,95.2
146,170,96.7
146,180,98
146,190,99.6
146,200,101.3
146,210,102.5
146,220,102.7
146,230,102.1
146,250,100.5
146,270,99.1
146,280,98.6
146,290,98
146,299,97.7
199,0,0
199,10,0
199,20,0.4
199,30,1.6
199,40,4.6
199,50,10.2
199,60,20.2
199,70,29.7
199,80,55.4
199,90,76.8
199,100,97.9
199,110,118
199,120,135.8
199,130,150.3
199,140,161.3
199,150,169.9
199,160,176.2
199,170,180.1
199,180,181.3
199,190,180.3
199,200,178
199,210,175.1
199,220,172.1
199,230,169.3
199,240,166.9
199,250,165
199,260,163.4
199,270,162
199,280,160.7
199,290,159.3
199,299,158.3
38,0,0
38,10,0
38,20,0.4
38,30,2.1
38,40,6.7
38,50,15
38,60,27.8
38,70,42.1
38,80,59.4
38,90,75.7
38,100,90.7
38,110,104.3
38,120,116.5
38,130,127.3
38,140,136.7
38,150,144.4
38,160,150.3
38,170,154.5
38,180,157.2
38,190,158.5
38,200,158.5
38,210,157.8
38,230,155.4
38,240,154.4
38,250,153.7
38,260,153.2
38,290,152
38,299,151.8
110,0,0
110,10,0
110,20,0.7
110,30,5.1
110,40,16.6
110,50,36.5
110,70,90.5
110,80,114.5
110,90,136.8
110,100,155.8
110,110,171.5
110,120,184.3
110,130,194.6
110,140,202.7
110,150,208.8
110,160,213.3
110,170,216.5
110,180,218.9
110,190,220.5
110,200,221.4
110,210,221.5
110,220,220.9
110,230,220
110,240,218.9
110,250,218
110,280,215.3
110,290,214.6
110,299,213.5
158,0,0
158,10,0
158,20,0.7
158,30,5.1
158,40,16.6
158,50,36.5
158,70,90.5
158,80,114.5
158,90,136.8
158,100,155.8
158,110,171.5
158,120,184.3
158,130,194.6
158,140,202.7
158,150,208.8
158,160,213.3
158,170,216.5
158,180,218.9
158,190,220.5
158,200,221.4
158,210,221.5
158,220,220.9
158,230,220
158,240,218.9
158,280,215.3
158,290,214.6
158,299,213.5
50,0,0
50,10,0
50,20,0.7
50,30,5.1
50,40,16.6
50,50,36.5
50,70,90.5
50,80,114.5
50,90,136.8
50,100,155.8
50,110,171.5
50,120,184.3
50,130,194.6
50,140,202.7
50,150,208.8
50,160,213.3
50,170,216.5
50,180,218.9
50,190,220.5
50,200,221.4
50,210,221.5
50,220,220.9
50,230,220
50,240,218.9
50,280,215.3
50,290,214.6
50,299,213.5
81,0,0
81,10,0
81,20,0.7
81,30,5.1
81,40,16.6
81,50,36.5
81,70,90.5
81,80,114.5
81,90,136.8
81,100,155.8
81,110,171.5
81,120,184.3
81,130,194.6
81,140,202.7
81,150,208.8
81,160,213.3
81,170,216.5
81,180,218.9
81,190,220.5
81,200,221.4
81,210,221.5
81,220,220.9
81,230,220
81,240,218.9
81,280,215.3
81,290,214.6
81,299,213.5
125,0,0
125,10,0
125,20,0.7
125,30,5.1
125,40,16.6
125,50,36.5
125,70,90.5
125,80,114.5
125,90,136.8
125,100,155.8
125,110,171.5
125,120,184.3
125,130,194.6
125,140,202.7
125,150,208.8
125,160,213.3
125,170,216.5
125,180,218.9
125,190,220.5
125,200,221.4
125,210,221.5
125,220,220.9
125,230,220
125,240,218.9
125,280,215.3
125,290,214.6
125,299,213.5
24,0,0
24,10,0
24,20,0.7
24,30,5.1
24,40,16.6
24,50,36.5
24,70,90.5
24,80,114.5
24,90,136.8
24,100,155.8
24,110,171.5
24,120,184.3
24,130,194.6
24,140,202.7
24,150,208.8
24,160,213.3
24,170,216.5
24,180,218.9
24,190,220.5
24,200,221.4
24,210,221.5
24,220,220.9
24,230,220
24,240,218.9
24,260,217.1
24,280,215.3
24,290,214.6
24,299,213.5
216,0,0
216,10,0
216,20,0.4
216,30,1.6
216,40,4.6
216,50,10.2
216,60,20.2
216,70,29.7
216,80,55.4
216,90,76.8
216,100,97.9
216,110,118
216,120,135.8
216,130,150.3
216,140,161.3
216,150,169.9
216,160,176.2
216,170,180.1
216,180,181.3
216,190,180.3
216,200,178
216,210,175.1
216,220,172.1
216,230,169.3
216,240,166.9
216,250,165
216,260,163.4
216,270,162
216,280,160.7
216,290,159.3
216,299,158.3
183,0,0
183,10,0
183,20,0.4
183,30,1.6
183,40,4.6
183,50,10.2
183,60,20.2
183,70,29.7
183,80,55.4
183,90,76.8
183,100,97.9
183,110,118
183,120,135.8
183,130,150.3
183,140,161.3
183,150,169.9
183,160,176.2
183,170,180.1
183,180,181.3
183,190,180.3
183,200,178
183,210,175.1
183,220,172.1
183,230,169.3
183,240,166.9
183,250,165
183,260,163.4
183,270,162
183,280,160.7
183,290,159.3
183,299,158.3
84,0,0
84,10,0
84,20,0.4
84,30,1.6
84,40,4.6
84,50,10.2
84,60,20.2
84,70,29.7
84,80,55.4
84,90,76.8
84,100,97.9
84,110,118
84,120,135.8
84,130,150.3
84,140,161.3
84,150,169.9
84,160,176.2
84,170,180.1
84,180,181.3
84,190,180.3
84,200,178
84,210,175.1
84,220,172.1
84,230,169.3
84,240,166.9
84,250,165
84,260,163.4
84,270,162
84,280,160.7
84,290,159.3
84,299,158.3
207,0,0
207,10,0
207,20,0.4
207,30,3.8
207,40,14.2
207,50,33.5
207,60,57.7
207,70,85
207,80,104.7
207,90,124.1
207,100,141.5
207,110,156.5
207,120,169.1
207,130,179.3
207,140,186.9
207,150,191.7
207,160,193.7
207,170,193.6
207,180,192.4
207,190,190.9
207,200,189.7
207,210,188.9
207,220,188.2
207,230,187.7
207,240,187.1
207,250,186.3
207,260,185.3
207,270,183.9
207,290,180.3
207,299,177.7
201,0,0
201,10,0
201,20,0.4
201,30,3.8
201,40,14.2
201,50,33.5
201,60,57.7
201,70,85
201,80,104.7
201,90,124.1
201,100,141.5
201,110,156.5
201,120,169.1
201,130,179.3
201,140,186.9
201,150,191.7
201,160,193.7
201,170,193.6
201,180,192.4
201,190,190.9
201,200,189.7
201,210,188.9
201,220,188.2
201,230,187.7
201,240,187.1
201,250,186.3
201,260,185.3
201,270,183.9
201,290,180.3
201,299,177.7
179,0,0
179,10,0
179,20,0.4
179,30,2.1
179,40,6.7
179,50,15
179,60,27.8
179,70,42.1
179,80,59.4
179,90,75.7
179,100,90.7
179,110,104.3
179,120,116.5
179,130,127.3
179,140,136.7
179,150,144.4
179,160,150.3
179,170,154.5
179,180,157.2
179,190,158.5
179,200,158.5
179,210,157.8
179,230,155.4
179,240,154.4
179,250,153.7
179,260,153.2
179,290,152
179,299,151.8
180,0,0
180,10,0
180,20,0.4
180,30,2.1
180,40,6.7
180,50,15
180,60,27.8
180,70,42.1
180,80,59.4
180,90,75.7
180,100,90.7
180,110,104.3
180,120,116.5
180,130,127.3
180,140,136.7
180,150,144.4
180,160,150.3
180,170,154.5
180,180,157.2
180,190,158.5
180,200,158.5
180,210,157.8
180,230,155.4
180,240,154.4
180,250,153.7
180,260,153.2
180,290,152
180,299,151.8
112,0,0
112,10,0
112,20,0.4
112,30,2.1
112,40,6.7
112,50,15
112,60,27.8
112,70,42.1
112,80,59.4
112,90,75.7
112,100,90.7
112,110,104.3
112,120,116.5
112,130,127.3
112,140,136.7
112,150,144.4
112,160,150.3
112,170,154.5
112,180,157.2
112,190,158.5
112,200,158.5
112,210,157.8
112,230,155.4
112,240,154.4
112,250,153.7
112,260,153.2
112,290,152
112,299,151.8
137,0,0
137,10,0
137,20,0.4
137,30,2.1
137,40,6.7
137,50,15
137,60,27.8
137,70,42.1
137,80,59.4
137,90,75.7
137,100,90.7
137,110,104.3
137,120,116.5
137,130,127.3
137,140,136.7
137,150,144.4
137,160,150.3
137,170,154.5
137,180,157.2
137,190,158.5
137,200,158.5
137,210,157.8
137,230,155.4
137,240,154.4
137,250,153.7
137,260,153.2
137,290,152
137,299,151.8
18,0,0
18,10,0
18,20,0.4
18,30,2.1
18,40,6.7
18,50,15
18,60,27.8
18,70,42.1
18,80,59.4
18,90,75.7
18,100,90.7
18,110,104.3
18,120,116.5
18,130,127.3
18,140,136.7
18,150,144.4
18,160,150.3
18,170,154.5
18,180,157.2
18,190,158.5
18,200,158.5
18,210,157.8
18,230,155.4
18,240,154.4
18,250,153.7
18,260,153.2
18,290,152
18,299,151.8
118,0,0
118,10,0
118,20,0.3
118,30,1.7
118,40,5
118,50,10.5
118,60,19.6
118,70,27.4
118,80,36.9
118,90,46.8
118,100,57.1
118,110,67.1
118,120,76.1
118,130,83.5
118,140,89
118,150,92.8
118,160,95.2
118,170,96.7
118,180,98
118,190,99.6
118,200,101.3
118,210,102.5
118,220,102.7
118,230,102.1
118,250,100.5
118,270,99.1
118,280,98.6
118,290,98
118,299,97.7
111,0,0
111,10,0
111,20,0.3
111,30,1.7
111,40,5
111,50,10.5
111,60,19.6
111,70,27.4
111,80,36.9
111,90,46.8
111,100,57.1
111,110,67.1
111,120,76.1
111,130,83.5
111,140,89
111,150,92.8
111,160,95.2
111,170,96.7
111,180,98
111,190,99.6
111,200,101.3
111,210,102.5
111,220,102.7
111,230,102.1
111,250,100.5
111,270,99.1
111,280,98.6
111,290,98
111,299,97.7
22,0,0
22,10,0
22,20,0.3
22,30,1.7
22,40,5
22,50,10.5
22,60,19.6
22,70,27.4
22,80,36.9
22,90,46.8
22,100,57.1
22,110,67.1
22,120,76.1
22,130,83.5
22,140,89
22,150,92.8
22,160,95.2
22,170,96.7
22,180,98
22,190,99.6
22,200,101.3
22,210,102.5
22,220,102.7
22,230,102.1
22,250,100.5
22,270,99.1
22,280,98.6
22,290,98
22,299,97.7
3,0,0
3,10,0
3,20,0.3
3,30,1.7
3,40,5
3,50,10.5
3,60,19.6
3,70,27.4
3,80,36.9
3,90,46.8
3,100,57.1
3,110,67.1
3,120,76.1
3,130,83.5
3,140,89
3,150,92.8
3,160,95.2
3,170,96.7
3,180,98
3,190,99.6
3,200,101.3
3,210,102.5
3,220,102.7
3,230,102.1
3,250,100.5
3,270,99.1
3,280,98.6
3,290,98
3,299,97.7
184,0,0
184,160,0
184,190,1
190,0,0
190,170,0
190,220,1
71,0,0
71,170,0
71,220,1
104,0,0
104,150,0
104,210,1
76,0,0
76,150,0
76,210,1
31,0,0
31,150,0
31,299,1
95,0,0
95,140,0
95,190,1
67,0,0
67,140,0
67,210,1
62,0,0
62,140,0
62,210,1
26,0,0
26,140,0
26,200,1
13,0,0
13,249,0
13,250,1
1,0,0
1,249,0
1,250,1
168,0,0
168,130,0
168,180,1
58,0,0
58,130,0
58,180,1
37,0,0
37,130,0
37,200,1
17,0,0
17,130,0
17,200,1
12,0,0
12,130,0
12,220,1
0,0,0
0,130,0
0,220,1
