TRACK,STRATA
1,1.0 x 0+treatment()+AU(2901002)+IFM(unmanaged)+ORIGIN(natural)+SILV_STATE(baseline)+RETENTION(0.524995820799725)
2,1.0 x 0+treatment()+AU(2901002)+IFM(managed)+ORIGIN(natural)+SILV_STATE(baseline)+RETENTION(0.524995820799725)
3,1.0 x 0+treatment()+AU(2901002)+IFM(managed)+ORIGIN(planted)+SILV_STATE(cc_pl)+RETENTION(0.524995820799725)
4,1.0 x 0+treatment()+AU(2901003)+IFM(unmanaged)+ORIGIN(natural)+SILV_STATE(baseline)+RETENTION(0.524995820799725)
5,1.0 x 0+treatment()+AU(2901003)+IFM(managed)+ORIGIN(natural)+SILV_STATE(baseline)+RETENTION(0.524995820799725)
6,1.0 x 0+treatment()+AU(2901003)+IFM(managed)+ORIGIN(planted)+SILV_STATE(cc_pl)+RETENTION(0.524995820799725)
7,1.0 x 0+treatment()+AU(2902008)+IFM(unmanaged)+ORIGIN(natural)+SILV_STATE(baseline)+RETENTION(0.524995820799725)
8,1.0 x 0+treatment()+AU(2902008)+IFM(managed)+ORIGIN(natural)+SILV_STATE(baseline)+RETENTION(0.524995820799725)
9,1.0 x 0+treatment()+AU(2902008)+IFM(managed)+ORIGIN(planted)+SILV_STATE(cc_pl)+RETENTION(0.524995820799725)
10,1.0 x 0+treatment()+AU(2902003)+IFM(unmanaged)+ORIGIN(natural)+SILV_STATE(baseline)+RETENTION(0.524995820799725)
11,1.0 x 0+treatment()+AU(2902003)+IFM(managed)+ORIGIN(natural)+SILV_STATE(baseline)+RETENTION(0.524995820799725)
12,1.0 x 0+treatment()+AU(2902003)+IFM(managed)+ORIGIN(planted)+SILV_STATE(cc_pl)+RETENTION(0.524995820799725)
13,1.0 x 0+treatment()+AU(2901002)+IFM(unmanaged)+ORIGIN(natural)+SILV_STATE(baseline)+RETENTION(0.0)
14,1.0 x 0+treatment()+AU(2903002)+IFM(unmanaged)+ORIGIN(natural)+SILV_STATE(baseline)+RETENTION(0.0)
15,1.0 x 0+treatment()+AU(2901003)+IFM(unmanaged)+ORIGIN(natural)+SILV_STATE(baseline)+RETENTION(0.0)
16,1.0 x 0+treatment()+AU(2901008)+IFM(unmanaged)+ORIGIN(natural)+SILV_STATE(baseline)+RETENTION(0.524995820799725)
17,1.0 x 0+treatment()+AU(2901008)+IFM(managed)+ORIGIN(natural)+SILV_STATE(baseline)+RETENTION(0.524995820799725)
18,1.0 x 0+treatment()+AU(2901008)+IFM(managed)+ORIGIN(planted)+SILV_STATE(cc_pl)+RETENTION(0.524995820799725)
19,1.0 x 0+treatment()+AU(2901011)+IFM(unmanaged)+ORIGIN(natural)+SILV_STATE(baseline)+RETENTION(0.524995820799725)
20,1.0 x 0+treatment()+AU(2901011)+IFM(managed)+ORIGIN(natural)+SILV_STATE(baseline)+RETENTION(0.524995820799725)
21,1.0 x 0+treatment()+AU(2901011)+IFM(managed)+ORIGIN(planted)+SILV_STATE(cc_pl)+RETENTION(0.524995820799725)
22,1.0 x 0+treatment()+AU(2901008)+IFM(unmanaged)+ORIGIN(natural)+SILV_STATE(baseline)+RETENTION(0.0)
23,1.0 x 0+treatment()+AU(2901011)+IFM(unmanaged)+ORIGIN(natural)+SILV_STATE(baseline)+RETENTION(0.0)
24,1.0 x 0+treatment()+AU(2902003)+IFM(unmanaged)+ORIGIN(natural)+SILV_STATE(baseline)+RETENTION(0.0)
25,1.0 x 0+treatment()+AU(2903011)+IFM(unmanaged)+ORIGIN(planted)+SILV_STATE(cc_pl)+RETENTION(0.524995820799725)
26,1.0 x 0+treatment()+AU(2903011)+IFM(managed)+ORIGIN(planted)+SILV_STATE(cc_pl)+RETENTION(0.524995820799725)
27,1.0 x 0+treatment()+AU(2902002)+IFM(unmanaged)+ORIGIN(planted)+SILV_STATE(cc_pl)+RETENTION(0.524995820799725)
28,1.0 x 0+treatment()+AU(2902002)+IFM(managed)+ORIGIN(planted)+SILV_STATE(cc_pl)+RETENTION(0.524995820799725)
29,1.0 x 0+treatment()+AU(2902002)+IFM(unmanaged)+ORIGIN(natural)+SILV_STATE(baseline)+RETENTION(0.524995820799725)
30,1.0 x 0+treatment()+AU(2902002)+IFM(managed)+ORIGIN(natural)+SILV_STATE(baseline)+RETENTION(0.524995820799725)
31,1.0 x 0+treatment()+AU(2903002)+IFM(unmanaged)+ORIGIN(planted)+SILV_STATE(cc_pl)+RETENTION(0.524995820799725)
32,1.0 x 0+treatment()+AU(2903002)+IFM(managed)+ORIGIN(planted)+SILV_STATE(cc_pl)+RETENTION(0.524995820799725)
33,1.0 x 0+treatment()+AU(2903003)+IFM(unmanaged)+ORIGIN(planted)+SILV_STATE(cc_pl)+RETENTION(0.524995820799725)
34,1.0 x 0+treatment()+AU(2903003)+IFM(managed)+ORIGIN(planted)+SILV_STATE(cc_pl)+RETENTION(0.524995820799725)
35,1.0 x 0+treatment()+AU(2903000)+IFM(unmanaged)+ORIGIN(planted)+SILV_STATE(cc_pl)+RETENTION(0.524995820799725)
36,1.0 x 0+treatment()+AU(2903000)+IFM(managed)+ORIGIN(planted)+SILV_STATE(cc_pl)+RETENTION(0.524995820799725)
37,1.0 x 0+treatment()+AU(2901002)+IFM(unmanaged)+ORIGIN(planted)+SILV_STATE(cc_pl)+RETENTION(0.524995820799725)
38,1.0 x 0+treatment()+AU(2902011)+IFM(unmanaged)+ORIGIN(natural)+SILV_STATE(baseline)+RETENTION(0.524995820799725)
39,1.0 x 0+treatment()+AU(2902011)+IFM(managed)+ORIGIN(natural)+SILV_STATE(baseline)+RETENTION(0.524995820799725)
40,1.0 x 0+treatment()+AU(2902011)+IFM(managed)+ORIGIN(planted)+SILV_STATE(cc_pl)+RETENTION(0.524995820799725)
41,1.0 x 0+treatment()+AU(2902011)+IFM(unmanaged)+ORIGIN(planted)+SILV_STATE(cc_pl)+RETENTION(0.524995820799725)
42,1.0 x 0+treatment()+AU(2903003)+IFM(unmanaged)+ORIGIN(natural)+SILV_STATE(baseline)+RETENTION(0.0)
43,1.0 x 0+treatment()+AU(2902002)+IFM(unmanaged)+ORIGIN(natural)+SILV_STATE(baseline)+RETENTION(0.0)
44,1.0 x 0+treatment()+AU(2901000)+IFM(unmanaged)+ORIGIN(natural)+SILV_STATE(baseline)+RETENTION(0.0)
45,1.0 x 0+treatment()+AU(2903003)+IFM(unmanaged)+ORIGIN(natural)+SILV_STATE(baseline)+RETENTION(0.524995820799725)
46,1.0 x 0+treatment()+AU(2903003)+IFM(managed)+ORIGIN(natural)+SILV_STATE(baseline)+RETENTION(0.524995820799725)
47,1.0 x 0+treatment()+AU(2902000)+IFM(unmanaged)+ORIGIN(natural)+SILV_STATE(baseline)+RETENTION(0.524995820799725)
48,1.0 x 0+treatment()+AU(2902000)+IFM(managed)+ORIGIN(natural)+SILV_STATE(baseline)+RETENTION(0.524995820799725)
49,1.0 x 0+treatment()+AU(2902000)+IFM(managed)+ORIGIN(planted)+SILV_STATE(cc_pl)+RETENTION(0.524995820799725)
50,1.0 x 0+treatment()+AU(2902011)+IFM(unmanaged)+ORIGIN(natural)+SILV_STATE(baseline)+RETENTION(0.0)
51,1.0 x 0+treatment()+AU(2903002)+IFM(unmanaged)+ORIGIN(natural)+SILV_STATE(baseline)+RETENTION(0.524995820799725)
52,1.0 x 0+treatment()+AU(2903002)+IFM(managed)+ORIGIN(natural)+SILV_STATE(baseline)+RETENTION(0.524995820799725)
53,1.0 x 0+treatment()+AU(2903010)+IFM(unmanaged)+ORIGIN(natural)+SILV_STATE(baseline)+RETENTION(0.524995820799725)
54,1.0 x 0+treatment()+AU(2903010)+IFM(managed)+ORIGIN(natural)+SILV_STATE(baseline)+RETENTION(0.524995820799725)
55,1.0 x 0+treatment()+AU(2903010)+IFM(managed)+ORIGIN(planted)+SILV_STATE(cc_pl)+RETENTION(0.524995820799725)
56,1.0 x 0+treatment()+AU(2903008)+IFM(unmanaged)+ORIGIN(natural)+SILV_STATE(baseline)+RETENTION(0.524995820799725)
57,1.0 x 0+treatment()+AU(2903008)+IFM(managed)+ORIGIN(natural)+SILV_STATE(baseline)+RETENTION(0.524995820799725)
58,1.0 x 0+treatment()+AU(2903008)+IFM(managed)+ORIGIN(planted)+SILV_STATE(cc_pl)+RETENTION(0.524995820799725)
59,1.0 x 0+treatment()+AU(2903011)+IFM(unmanaged)+ORIGIN(natural)+SILV_STATE(baseline)+RETENTION(0.0)
60,1.0 x 0+treatment()+AU(2903011)+IFM(unmanaged)+ORIGIN(natural)+SILV_STATE(baseline)+RETENTION(0.524995820799725)
61,1.0 x 0+treatment()+AU(2903011)+IFM(managed)+ORIGIN(natural)+SILV_STATE(baseline)+RETENTION(0.524995820799725)
62,1.0 x 0+treatment()+AU(2901010)+IFM(unmanaged)+ORIGIN(natural)+SILV_STATE(baseline)+RETENTION(0.524995820799725)
63,1.0 x 0+treatment()+AU(2901010)+IFM(managed)+ORIGIN(natural)+SILV_STATE(baseline)+RETENTION(0.524995820799725)
64,1.0 x 0+treatment()+AU(2901010)+IFM(managed)+ORIGIN(planted)+SILV_STATE(cc_pl)+RETENTION(0.524995820799725)
65,1.0 x 0+treatment()+AU(2903000)+IFM(unmanaged)+ORIGIN(natural)+SILV_STATE(baseline)+RETENTION(0.524995820799725)
66,1.0 x 0+treatment()+AU(2903000)+IFM(managed)+ORIGIN(natural)+SILV_STATE(baseline)+RETENTION(0.524995820799725)
67,1.0 x 0+treatment()+AU(2902000)+IFM(unmanaged)+ORIGIN(planted)+SILV_STATE(cc_pl)+RETENTION(0.524995820799725)
68,1.0 x 0+treatment()+AU(2903000)+IFM(unmanaged)+ORIGIN(natural)+SILV_STATE(baseline)+RETENTION(0.0)
69,1.0 x 0+treatment()+AU(2902008)+IFM(unmanaged)+ORIGIN(natural)+SILV_STATE(baseline)+RETENTION(0.0)
70,1.0 x 0+treatment()+AU(2903011)+IFM(unmanaged)+ORIGIN(planted)+SILV_STATE(cc_pl)+RETENTION(0.0)
71,1.0 x 0+treatment()+AU(2902000)+IFM(unmanaged)+ORIGIN(natural)+SILV_STATE(baseline)+RETENTION(0.0)
72,1.0 x 0+treatment()+AU(2902002)+IFM(unmanaged)+ORIGIN(planted)+SILV_STATE(cc_pl)+RETENTION(0.0)
73,1.0 x 0+treatment()+AU(2903008)+IFM(unmanaged)+ORIGIN(natural)+SILV_STATE(baseline)+RETENTION(0.0)
74,1.0 x 0+treatment()+AU(2903003)+IFM(unmanaged)+ORIGIN(planted)+SILV_STATE(cc_pl)+RETENTION(0.0)
75,1.0 x 0+treatment()+AU(2902011)+IFM(unmanaged)+ORIGIN(planted)+SILV_STATE(cc_pl)+RETENTION(0.0)
76,1.0 x 0+treatment()+AU(2903002)+IFM(unmanaged)+ORIGIN(planted)+SILV_STATE(cc_pl)+RETENTION(0.0)
77,1.0 x 0+treatment()+AU(2901002)+IFM(unmanaged)+ORIGIN(planted)+SILV_STATE(cc_pl)+RETENTION(0.0)
78,1.0 x 0+treatment()+AU(2902003)+IFM(unmanaged)+ORIGIN(natural)+SILV_STATE(baseline)+RETENTION(0.524995820799726)
79,1.0 x 0+treatment()+AU(2902003)+IFM(managed)+ORIGIN(natural)+SILV_STATE(baseline)+RETENTION(0.524995820799726)
80,1.0 x 0+treatment()+AU(2902003)+IFM(managed)+ORIGIN(planted)+SILV_STATE(cc_pl)+RETENTION(0.524995820799726)
81,1.0 x 0+treatment()+AU(2903003)+IFM(unmanaged)+ORIGIN(natural)+SILV_STATE(baseline)+RETENTION(0.524995820799726)
82,1.0 x 0+treatment()+AU(2903003)+IFM(managed)+ORIGIN(natural)+SILV_STATE(baseline)+RETENTION(0.524995820799726)
83,1.0 x 0+treatment()+AU(2903003)+IFM(managed)+ORIGIN(planted)+SILV_STATE(cc_pl)+RETENTION(0.524995820799726)
84,1.0 x 0+treatment()+AU(2901002)+IFM(unmanaged)+ORIGIN(natural)+SILV_STATE(baseline)+RETENTION(0.524995820799726)
85,1.0 x 0+treatment()+AU(2901002)+IFM(managed)+ORIGIN(natural)+SILV_STATE(baseline)+RETENTION(0.524995820799726)
86,1.0 x 0+treatment()+AU(2901002)+IFM(managed)+ORIGIN(planted)+SILV_STATE(cc_pl)+RETENTION(0.524995820799726)
87,1.0 x 0+treatment()+AU(2901003)+IFM(unmanaged)+ORIGIN(natural)+SILV_STATE(baseline)+RETENTION(0.524995820799726)
88,1.0 x 0+treatment()+AU(2901003)+IFM(managed)+ORIGIN(natural)+SILV_STATE(baseline)+RETENTION(0.524995820799726)
89,1.0 x 0+treatment()+AU(2901003)+IFM(managed)+ORIGIN(planted)+SILV_STATE(cc_pl)+RETENTION(0.524995820799726)
90,1.0 x 0+treatment()+AU(2903002)+IFM(unmanaged)+ORIGIN(planted)+SILV_STATE(cc_pl)+RETENTION(0.524995820799726)
91,1.0 x 0+treatment()+AU(2903002)+IFM(managed)+ORIGIN(planted)+SILV_STATE(cc_pl)+RETENTION(0.524995820799726)
92,1.0 x 0+treatment()+AU(2902008)+IFM(unmanaged)+ORIGIN(natural)+SILV_STATE(baseline)+RETENTION(0.524995820799726)
93,1.0 x 0+treatment()+AU(2902008)+IFM(managed)+ORIGIN(natural)+SILV_STATE(baseline)+RETENTION(0.524995820799726)
94,1.0 x 0+treatment()+AU(2902008)+IFM(managed)+ORIGIN(planted)+SILV_STATE(cc_pl)+RETENTION(0.524995820799726)
95,1.0 x 0+treatment()+AU(2901011)+IFM(unmanaged)+ORIGIN(natural)+SILV_STATE(baseline)+RETENTION(0.524995820799726)
96,1.0 x 0+treatment()+AU(2901011)+IFM(managed)+ORIGIN(natural)+SILV_STATE(baseline)+RETENTION(0.524995820799726)
97,1.0 x 0+treatment()+AU(2901011)+IFM(managed)+ORIGIN(planted)+SILV_STATE(cc_pl)+RETENTION(0.524995820799726)
98,1.0 x 0+treatment()+AU(2901008)+IFM(unmanaged)+ORIGIN(natural)+SILV_STATE(baseline)+RETENTION(0.524995820799726)
99,1.0 x 0+treatment()+AU(2901008)+IFM(managed)+ORIGIN(natural)+SILV_STATE(baseline)+RETENTION(0.524995820799726)
100,1.0 x 0+treatment()+AU(2901008)+IFM(managed)+ORIGIN(planted)+SILV_STATE(cc_pl)+RETENTION(0.524995820799726)
101,1.0 x 0+treatment()+AU(2902003)+IFM(unmanaged)+ORIGIN(planted)+SILV_STATE(cc_pl)+RETENTION(0.524995820799726)
102,1.0 x 0+treatment()+AU(2902002)+IFM(unmanaged)+ORIGIN(planted)+SILV_STATE(cc_pl)+RETENTION(0.524995820799726)
103,1.0 x 0+treatment()+AU(2902002)+IFM(managed)+ORIGIN(planted)+SILV_STATE(cc_pl)+RETENTION(0.524995820799726)
104,1.0 x 0+treatment()+AU(2902002)+IFM(unmanaged)+ORIGIN(natural)+SILV_STATE(baseline)+RETENTION(0.524995820799726)
105,1.0 x 0+treatment()+AU(2902002)+IFM(managed)+ORIGIN(natural)+SILV_STATE(baseline)+RETENTION(0.524995820799726)
106,1.0 x 0+treatment()+AU(2902011)+IFM(unmanaged)+ORIGIN(planted)+SILV_STATE(cc_pl)+RETENTION(0.524995820799726)
107,1.0 x 0+treatment()+AU(2902011)+IFM(managed)+ORIGIN(planted)+SILV_STATE(cc_pl)+RETENTION(0.524995820799726)
108,1.0 x 0+treatment()+AU(2901002)+IFM(unmanaged)+ORIGIN(planted)+SILV_STATE(cc_pl)+RETENTION(0.524995820799726)
109,1.0 x 0+treatment()+AU(2903003)+IFM(unmanaged)+ORIGIN(planted)+SILV_STATE(cc_pl)+RETENTION(0.524995820799726)
110,1.0 x 0+treatment()+AU(2903011)+IFM(unmanaged)+ORIGIN(planted)+SILV_STATE(cc_pl)+RETENTION(0.524995820799726)
111,1.0 x 0+treatment()+AU(2903011)+IFM(managed)+ORIGIN(planted)+SILV_STATE(cc_pl)+RETENTION(0.524995820799726)
112,1.0 x 0+treatment()+AU(2901011)+IFM(unmanaged)+ORIGIN(planted)+SILV_STATE(cc_pl)+RETENTION(0.524995820799726)
113,1.0 x 0+treatment()+AU(2902011)+IFM(unmanaged)+ORIGIN(natural)+SILV_STATE(baseline)+RETENTION(0.524995820799726)
114,1.0 x 0+treatment()+AU(2902011)+IFM(managed)+ORIGIN(natural)+SILV_STATE(baseline)+RETENTION(0.524995820799726)
115,1.0 x 0+treatment()+AU(2901003)+IFM(unmanaged)+ORIGIN(planted)+SILV_STATE(cc_pl)+RETENTION(0.524995820799726)
116,1.0 x 0+treatment()+AU(2903011)+IFM(unmanaged)+ORIGIN(natural)+SILV_STATE(baseline)+RETENTION(0.524995820799726)
117,1.0 x 0+treatment()+AU(2903011)+IFM(managed)+ORIGIN(natural)+SILV_STATE(baseline)+RETENTION(0.524995820799726)
118,1.0 x 0+treatment()+AU(2903002)+IFM(unmanaged)+ORIGIN(natural)+SILV_STATE(baseline)+RETENTION(0.524995820799726)
119,1.0 x 0+treatment()+AU(2903002)+IFM(managed)+ORIGIN(natural)+SILV_STATE(baseline)+RETENTION(0.524995820799726)
120,1.0 x 0+treatment()+AU(2902000)+IFM(unmanaged)+ORIGIN(planted)+SILV_STATE(cc_pl)+RETENTION(0.524995820799726)
121,1.0 x 0+treatment()+AU(2902000)+IFM(managed)+ORIGIN(planted)+SILV_STATE(cc_pl)+RETENTION(0.524995820799726)
122,1.0 x 0+treatment()+AU(2902005)+IFM(unmanaged)+ORIGIN(planted)+SILV_STATE(cc_pl)+RETENTION(0.524995820799726)
123,1.0 x 0+treatment()+AU(2902005)+IFM(managed)+ORIGIN(planted)+SILV_STATE(cc_pl)+RETENTION(0.524995820799726)
124,1.0 x 0+treatment()+AU(2903000)+IFM(unmanaged)+ORIGIN(planted)+SILV_STATE(cc_pl)+RETENTION(0.524995820799726)
125,1.0 x 0+treatment()+AU(2903000)+IFM(managed)+ORIGIN(planted)+SILV_STATE(cc_pl)+RETENTION(0.524995820799726)
126,1.0 x 0+treatment()+AU(2902000)+IFM(unmanaged)+ORIGIN(natural)+SILV_STATE(baseline)+RETENTION(0.524995820799726)
127,1.0 x 0+treatment()+AU(2902000)+IFM(managed)+ORIGIN(natural)+SILV_STATE(baseline)+RETENTION(0.524995820799726)
128,1.0 x 0+treatment()+AU(2903008)+IFM(unmanaged)+ORIGIN(natural)+SILV_STATE(baseline)+RETENTION(0.524995820799726)
129,1.0 x 0+treatment()+AU(2903008)+IFM(managed)+ORIGIN(natural)+SILV_STATE(baseline)+RETENTION(0.524995820799726)
130,1.0 x 0+treatment()+AU(2903008)+IFM(managed)+ORIGIN(planted)+SILV_STATE(cc_pl)+RETENTION(0.524995820799726)
131,1.0 x 0+treatment()+AU(2901011)+IFM(unmanaged)+ORIGIN(planted)+SILV_STATE(cc_pl)+RETENTION(0.0)
132,1.0 x 0+treatment()+AU(2902003)+IFM(unmanaged)+ORIGIN(planted)+SILV_STATE(cc_pl)+RETENTION(0.0)
133,1.0 x 0+treatment()+AU(2902003)+IFM(unmanaged)+ORIGIN(planted)+SILV_STATE(cc_pl)+RETENTION(0.524995820799725)
134,1.0 x 0+treatment()+AU(2901011)+IFM(unmanaged)+ORIGIN(planted)+SILV_STATE(cc_pl)+RETENTION(0.524995820799725)
135,1.0 x 0+treatment()+AU(2901003)+IFM(unmanaged)+ORIGIN(planted)+SILV_STATE(cc_pl)+RETENTION(0.524995820799725)
136,1.0 x 0+treatment()+AU(2903010)+IFM(unmanaged)+ORIGIN(planted)+SILV_STATE(cc_pl)+RETENTION(0.524995820799725)
137,1.0 x 0+treatment()+AU(2902010)+IFM(unmanaged)+ORIGIN(natural)+SILV_STATE(baseline)+RETENTION(0.0)
138,1.0 x 0+treatment()+AU(2902005)+IFM(unmanaged)+ORIGIN(natural)+SILV_STATE(baseline)+RETENTION(0.524995820799725)
139,1.0 x 0+treatment()+AU(2902005)+IFM(managed)+ORIGIN(natural)+SILV_STATE(baseline)+RETENTION(0.524995820799725)
140,1.0 x 0+treatment()+AU(2902005)+IFM(managed)+ORIGIN(planted)+SILV_STATE(cc_pl)+RETENTION(0.524995820799725)
141,1.0 x 0+treatment()+AU(2901000)+IFM(unmanaged)+ORIGIN(planted)+SILV_STATE(cc_pl)+RETENTION(0.524995820799725)
142,1.0 x 0+treatment()+AU(2901000)+IFM(managed)+ORIGIN(planted)+SILV_STATE(cc_pl)+RETENTION(0.524995820799725)
143,1.0 x 0+treatment()+AU(2902008)+IFM(unmanaged)+ORIGIN(planted)+SILV_STATE(cc_pl)+RETENTION(0.524995820799725)
144,1.0 x 0+treatment()+AU(2902008)+IFM(unmanaged)+ORIGIN(planted)+SILV_STATE(cc_pl)+RETENTION(0.0)
145,1.0 x 0+treatment()+AU(2903000)+IFM(unmanaged)+ORIGIN(planted)+SILV_STATE(cc_pl)+RETENTION(0.0)
146,1.0 x 0+treatment()+AU(2901003)+IFM(unmanaged)+ORIGIN(planted)+SILV_STATE(cc_pl)+RETENTION(0.0)
147,1.0 x 0+treatment()+AU(2901000)+IFM(unmanaged)+ORIGIN(planted)+SILV_STATE(cc_pl)+RETENTION(0.0)
148,1.0 x 0+treatment()+AU(2903010)+IFM(unmanaged)+ORIGIN(natural)+SILV_STATE(baseline)+RETENTION(0.0)
149,1.0 x 0+treatment()+AU(2903005)+IFM(unmanaged)+ORIGIN(natural)+SILV_STATE(baseline)+RETENTION(0.0)
150,1.0 x 0+treatment()+AU(2902005)+IFM(unmanaged)+ORIGIN(planted)+SILV_STATE(cc_pl)+RETENTION(0.524995820799725)
151,1.0 x 0+treatment()+AU(2902010)+IFM(unmanaged)+ORIGIN(natural)+SILV_STATE(baseline)+RETENTION(0.524995820799725)
152,1.0 x 0+treatment()+AU(2902010)+IFM(managed)+ORIGIN(natural)+SILV_STATE(baseline)+RETENTION(0.524995820799725)
153,1.0 x 0+treatment()+AU(2902010)+IFM(managed)+ORIGIN(planted)+SILV_STATE(cc_pl)+RETENTION(0.524995820799725)
154,1.0 x 0+treatment()+AU(2903005)+IFM(unmanaged)+ORIGIN(planted)+SILV_STATE(cc_pl)+RETENTION(0.524995820799725)
155,1.0 x 0+treatment()+AU(2903005)+IFM(managed)+ORIGIN(planted)+SILV_STATE(cc_pl)+RETENTION(0.524995820799725)
156,1.0 x 0+treatment()+AU(2901005)+IFM(unmanaged)+ORIGIN(natural)+SILV_STATE(baseline)+RETENTION(0.0)
157,1.0 x 0+treatment()+AU(2902005)+IFM(unmanaged)+ORIGIN(natural)+SILV_STATE(baseline)+RETENTION(0.0)
158,1.0 x 0+treatment()+AU(2903008)+IFM(unmanaged)+ORIGIN(planted)+SILV_STATE(cc_pl)+RETENTION(0.0)
159,1.0 x 0+treatment()+AU(2901010)+IFM(unmanaged)+ORIGIN(natural)+SILV_STATE(baseline)+RETENTION(0.0)
160,1.0 x 0+treatment()+AU(2902005)+IFM(unmanaged)+ORIGIN(planted)+SILV_STATE(cc_pl)+RETENTION(0.0)
161,1.0 x 0+treatment()+AU(2902000)+IFM(unmanaged)+ORIGIN(planted)+SILV_STATE(cc_pl)+RETENTION(0.0)
162,1.0 x 0+treatment()+AU(2903010)+IFM(unmanaged)+ORIGIN(planted)+SILV_STATE(cc_pl)+RETENTION(0.0)
163,1.0 x 0+treatment()+AU(2903008)+IFM(unmanaged)+ORIGIN(planted)+SILV_STATE(cc_pl)+RETENTION(0.524995820799725)
164,1.0 x 0+treatment()+AU(2902008)+IFM(unmanaged)+ORIGIN(planted)+SILV_STATE(cc_pl)+RETENTION(0.524995820799726)
